first_join_month,month_diff,retention
2016-06-01,0,100.0
2016-06-01,1,100.0
2016-06-01,15,100.0
2016-06-01,30,100.0
2016-06-01,44,100.0
2016-06-01,59,100.0
2016-07-01,0,100.0
2016-07-01,1,24.642857142857146
2016-07-01,2,24.285714285714285
2016-07-01,3,23.928571428571431
2016-07-01,4,28.571428571428569
2016-07-01,5,26.428571428571431
2016-07-01,6,30.357142857142854
2016-07-01,7,27.500000000000004
2016-07-01,8,28.214285714285715
2016-07-01,9,28.928571428571431
2016-07-01,10,27.500000000000004
2016-07-01,11,26.071428571428573
2016-07-01,12,31.785714285714285
2016-07-01,13,30.0
2016-07-01,14,29.642857142857142
2016-07-01,15,30.357142857142854
2016-07-01,16,27.142857142857142
2016-07-01,17,27.857142857142858
2016-07-01,18,35.714285714285715
2016-07-01,19,25.714285714285712
2016-07-01,20,27.500000000000004
2016-07-01,21,27.500000000000004
2016-07-01,22,27.500000000000004
2016-07-01,23,27.500000000000004
2016-07-01,24,41.428571428571431
2016-07-01,25,25.357142857142854
2016-07-01,26,27.500000000000004
2016-07-01,27,30.714285714285715
2016-07-01,28,25.357142857142854
2016-07-01,29,32.5
2016-07-01,30,30.0
2016-07-01,31,24.285714285714285
2016-07-01,32,29.642857142857142
2016-07-01,33,27.857142857142858
2016-07-01,34,28.214285714285715
2016-07-01,35,25.357142857142854
2016-07-01,36,48.928571428571423
2016-07-01,37,28.928571428571431
2016-07-01,38,27.857142857142858
2016-07-01,39,27.142857142857142
2016-07-01,40,30.0
2016-07-01,41,26.785714285714285
2016-07-01,42,29.642857142857142
2016-07-01,43,26.785714285714285
2016-07-01,44,30.357142857142854
2016-07-01,45,27.142857142857142
2016-07-01,46,33.571428571428569
2016-07-01,47,23.928571428571431
2016-07-01,48,40.714285714285715
2016-07-01,49,26.071428571428573
2016-07-01,50,26.428571428571431
2016-07-01,51,28.928571428571431
2016-07-01,52,26.071428571428573
2016-07-01,53,29.642857142857142
2016-07-01,54,36.071428571428569
2016-07-01,55,24.642857142857146
2016-07-01,56,31.428571428571427
2016-07-01,57,23.928571428571431
2016-07-01,58,33.571428571428569
2016-07-01,59,29.285714285714288
2016-07-01,60,31.428571428571427
2016-07-01,61,27.500000000000004
2016-07-01,62,25.357142857142854
2016-07-01,63,29.285714285714288
2016-07-01,64,28.571428571428569
2016-07-01,65,28.214285714285715
2016-07-01,66,30.0
2016-07-01,67,27.142857142857142
2016-07-01,68,28.571428571428569
2016-07-01,69,25.714285714285712
2016-07-01,70,23.214285714285715
2016-07-01,71,21.071428571428573
2016-07-01,72,9.6428571428571441
2016-08-01,0,100.0
2016-08-01,1,23.557692307692307
2016-08-01,2,28.846153846153843
2016-08-01,3,31.009615384615387
2016-08-01,4,33.653846153846153
2016-08-01,5,32.692307692307693
2016-08-01,6,30.76923076923077
2016-08-01,7,32.932692307692307
2016-08-01,8,32.932692307692307
2016-08-01,9,32.932692307692307
2016-08-01,10,33.17307692307692
2016-08-01,11,33.653846153846153
2016-08-01,12,35.817307692307693
2016-08-01,13,31.971153846153843
2016-08-01,14,37.740384615384613
2016-08-01,15,32.692307692307693
2016-08-01,16,33.17307692307692
2016-08-01,17,30.76923076923077
2016-08-01,18,36.538461538461533
2016-08-01,19,30.288461538461537
2016-08-01,20,34.855769230769226
2016-08-01,21,34.134615384615387
2016-08-01,22,30.76923076923077
2016-08-01,23,30.288461538461537
2016-08-01,24,47.596153846153847
2016-08-01,25,29.326923076923077
2016-08-01,26,33.413461538461533
2016-08-01,27,32.45192307692308
2016-08-01,28,33.653846153846153
2016-08-01,29,36.29807692307692
2016-08-01,30,31.25
2016-08-01,31,32.692307692307693
2016-08-01,32,33.413461538461533
2016-08-01,33,34.134615384615387
2016-08-01,34,31.25
2016-08-01,35,27.64423076923077
2016-08-01,36,52.403846153846153
2016-08-01,37,30.288461538461537
2016-08-01,38,33.17307692307692
2016-08-01,39,34.134615384615387
2016-08-01,40,31.009615384615387
2016-08-01,41,34.855769230769226
2016-08-01,42,31.73076923076923
2016-08-01,43,38.221153846153847
2016-08-01,44,30.048076923076923
2016-08-01,45,34.855769230769226
2016-08-01,46,32.45192307692308
2016-08-01,47,28.846153846153843
2016-08-01,48,46.394230769230774
2016-08-01,49,31.73076923076923
2016-08-01,50,33.653846153846153
2016-08-01,51,33.653846153846153
2016-08-01,52,32.211538461538467
2016-08-01,53,31.971153846153843
2016-08-01,54,34.134615384615387
2016-08-01,55,32.692307692307693
2016-08-01,56,33.17307692307692
2016-08-01,57,37.980769230769226
2016-08-01,58,30.76923076923077
2016-08-01,59,31.971153846153843
2016-08-01,60,37.019230769230774
2016-08-01,61,35.336538461538467
2016-08-01,62,31.490384615384613
2016-08-01,63,31.490384615384613
2016-08-01,64,35.096153846153847
2016-08-01,65,31.971153846153843
2016-08-01,66,33.653846153846153
2016-08-01,67,29.807692307692307
2016-08-01,68,32.45192307692308
2016-08-01,69,31.25
2016-08-01,70,24.519230769230766
2016-08-01,71,11.538461538461538
2016-09-01,0,100.0
2016-09-01,1,20.945945945945947
2016-09-01,2,26.8018018018018
2016-09-01,3,25.900900900900904
2016-09-01,4,29.504504504504503
2016-09-01,5,31.531531531531531
2016-09-01,6,29.954954954954953
2016-09-01,7,27.927927927927925
2016-09-01,8,30.405405405405407
2016-09-01,9,30.855855855855857
2016-09-01,10,32.882882882882889
2016-09-01,11,28.153153153153156
2016-09-01,12,32.432432432432435
2016-09-01,13,29.504504504504503
2016-09-01,14,32.882882882882889
2016-09-01,15,29.054054054054053
2016-09-01,16,30.855855855855857
2016-09-01,17,27.927927927927925
2016-09-01,18,34.45945945945946
2016-09-01,19,31.756756756756754
2016-09-01,20,32.207207207207205
2016-09-01,21,27.477477477477478
2016-09-01,22,29.27927927927928
2016-09-01,23,33.333333333333329
2016-09-01,24,35.135135135135137
2016-09-01,25,30.855855855855857
2016-09-01,26,28.828828828828829
2016-09-01,27,30.630630630630627
2016-09-01,28,33.108108108108105
2016-09-01,29,27.027027027027028
2016-09-01,30,33.108108108108105
2016-09-01,31,29.054054054054053
2016-09-01,32,28.378378378378379
2016-09-01,33,30.405405405405407
2016-09-01,34,29.27927927927928
2016-09-01,35,49.324324324324323
2016-09-01,36,24.774774774774773
2016-09-01,37,31.306306306306308
2016-09-01,38,29.054054054054053
2016-09-01,39,30.405405405405407
2016-09-01,40,33.333333333333329
2016-09-01,41,27.477477477477478
2016-09-01,42,33.558558558558559
2016-09-01,43,27.927927927927925
2016-09-01,44,31.531531531531531
2016-09-01,45,29.054054054054053
2016-09-01,46,27.252252252252251
2016-09-01,47,44.369369369369373
2016-09-01,48,26.8018018018018
2016-09-01,49,29.27927927927928
2016-09-01,50,30.855855855855857
2016-09-01,51,28.828828828828829
2016-09-01,52,30.630630630630627
2016-09-01,53,33.783783783783782
2016-09-01,54,28.828828828828829
2016-09-01,55,30.405405405405407
2016-09-01,56,34.45945945945946
2016-09-01,57,27.7027027027027
2016-09-01,58,29.954954954954953
2016-09-01,59,31.756756756756754
2016-09-01,60,32.657657657657658
2016-09-01,61,29.72972972972973
2016-09-01,62,29.27927927927928
2016-09-01,63,31.306306306306308
2016-09-01,64,28.378378378378379
2016-09-01,65,29.504504504504503
2016-09-01,66,30.855855855855857
2016-09-01,67,28.153153153153156
2016-09-01,68,29.054054054054053
2016-09-01,69,21.846846846846844
2016-09-01,70,9.2342342342342345
2016-10-01,0,100.0
2016-10-01,1,23.954372623574145
2016-10-01,2,27.756653992395435
2016-10-01,3,29.657794676806081
2016-10-01,4,28.707224334600763
2016-10-01,5,31.368821292775667
2016-10-01,6,31.939163498098861
2016-10-01,7,32.50950570342205
2016-10-01,8,33.840304182509506
2016-10-01,9,29.657794676806081
2016-10-01,10,33.460076045627375
2016-10-01,11,30.988593155893536
2016-10-01,12,34.980988593155892
2016-10-01,13,29.467680608365022
2016-10-01,14,36.882129277566541
2016-10-01,15,30.418250950570343
2016-10-01,16,30.798479087452474
2016-10-01,17,32.319391634980988
2016-10-01,18,33.460076045627375
2016-10-01,19,31.749049429657795
2016-10-01,20,33.269961977186313
2016-10-01,21,31.939163498098861
2016-10-01,22,30.798479087452474
2016-10-01,23,40.49429657794677
2016-10-01,24,30.038022813688215
2016-10-01,25,30.608365019011408
2016-10-01,26,33.840304182509506
2016-10-01,27,29.277566539923956
2016-10-01,28,33.650190114068437
2016-10-01,29,31.368821292775667
2016-10-01,30,33.460076045627375
2016-10-01,31,32.319391634980988
2016-10-01,32,30.798479087452474
2016-10-01,33,31.749049429657795
2016-10-01,34,26.806083650190114
2016-10-01,35,55.323193916349808
2016-10-01,36,27.376425855513308
2016-10-01,37,31.558935361216729
2016-10-01,38,32.50950570342205
2016-10-01,39,31.558935361216729
2016-10-01,40,31.1787072243346
2016-10-01,41,31.558935361216729
2016-10-01,42,35.931558935361217
2016-10-01,43,32.319391634980988
2016-10-01,44,32.319391634980988
2016-10-01,45,29.84790874524715
2016-10-01,46,40.874524714828894
2016-10-01,47,29.657794676806081
2016-10-01,48,29.657794676806081
2016-10-01,49,31.939163498098861
2016-10-01,50,33.840304182509506
2016-10-01,51,32.319391634980988
2016-10-01,52,35.551330798479086
2016-10-01,53,31.558935361216729
2016-10-01,54,29.84790874524715
2016-10-01,55,30.038022813688215
2016-10-01,56,36.882129277566541
2016-10-01,57,31.368821292775667
2016-10-01,58,33.840304182509506
2016-10-01,59,28.707224334600763
2016-10-01,60,33.460076045627375
2016-10-01,61,31.939163498098861
2016-10-01,62,34.22053231939163
2016-10-01,63,32.50950570342205
2016-10-01,64,29.087452471482887
2016-10-01,65,30.988593155893536
2016-10-01,66,30.798479087452474
2016-10-01,67,28.707224334600763
2016-10-01,68,23.193916349809886
2016-10-01,69,11.406844106463879
2016-11-01,0,100.0
2016-11-01,1,22.058823529411764
2016-11-01,2,25.840336134453786
2016-11-01,3,31.092436974789916
2016-11-01,4,28.991596638655466
2016-11-01,5,30.252100840336134
2016-11-01,6,31.512605042016805
2016-11-01,7,29.831932773109244
2016-11-01,8,32.563025210084035
2016-11-01,9,30.252100840336134
2016-11-01,10,31.092436974789916
2016-11-01,11,32.142857142857146
2016-11-01,12,32.563025210084035
2016-11-01,13,31.512605042016805
2016-11-01,14,34.033613445378151
2016-11-01,15,28.15126050420168
2016-11-01,16,31.30252100840336
2016-11-01,17,34.2436974789916
2016-11-01,18,32.983193277310924
2016-11-01,19,28.781512605042014
2016-11-01,20,31.30252100840336
2016-11-01,21,31.512605042016805
2016-11-01,22,27.310924369747898
2016-11-01,23,43.27731092436975
2016-11-01,24,28.15126050420168
2016-11-01,25,31.092436974789916
2016-11-01,26,34.033613445378151
2016-11-01,27,30.882352941176471
2016-11-01,28,30.252100840336134
2016-11-01,29,31.72268907563025
2016-11-01,30,32.983193277310924
2016-11-01,31,28.361344537815125
2016-11-01,32,31.30252100840336
2016-11-01,33,29.20168067226891
2016-11-01,34,50.630252100840337
2016-11-01,35,28.15126050420168
2016-11-01,36,28.571428571428569
2016-11-01,37,31.72268907563025
2016-11-01,38,30.882352941176471
2016-11-01,39,31.092436974789916
2016-11-01,40,29.831932773109244
2016-11-01,41,35.084033613445378
2016-11-01,42,30.462184873949578
2016-11-01,43,31.092436974789916
2016-11-01,44,30.252100840336134
2016-11-01,45,29.411764705882355
2016-11-01,46,40.966386554621849
2016-11-01,47,32.352941176470587
2016-11-01,48,28.571428571428569
2016-11-01,49,32.142857142857146
2016-11-01,50,30.882352941176471
2016-11-01,51,34.87394957983193
2016-11-01,52,29.20168067226891
2016-11-01,53,30.882352941176471
2016-11-01,54,30.672268907563026
2016-11-01,55,34.87394957983193
2016-11-01,56,30.462184873949578
2016-11-01,57,33.193277310924366
2016-11-01,58,31.30252100840336
2016-11-01,59,30.462184873949578
2016-11-01,60,31.092436974789916
2016-11-01,61,31.512605042016805
2016-11-01,62,31.30252100840336
2016-11-01,63,29.831932773109244
2016-11-01,64,29.411764705882355
2016-11-01,65,31.72268907563025
2016-11-01,66,27.100840336134453
2016-11-01,67,22.268907563025213
2016-11-01,68,9.4537815126050422
2016-12-01,0,100.0
2016-12-01,1,19.272727272727273
2016-12-01,2,21.09090909090909
2016-12-01,3,22.545454545454547
2016-12-01,4,26.181818181818183
2016-12-01,5,24.727272727272727
2016-12-01,6,28.363636363636363
2016-12-01,7,24.363636363636363
2016-12-01,8,28.72727272727273
2016-12-01,9,23.636363636363637
2016-12-01,10,23.272727272727273
2016-12-01,11,29.818181818181817
2016-12-01,12,25.818181818181817
2016-12-01,13,27.27272727272727
2016-12-01,14,25.09090909090909
2016-12-01,15,26.545454545454543
2016-12-01,16,25.454545454545453
2016-12-01,17,33.090909090909093
2016-12-01,18,23.272727272727273
2016-12-01,19,28.72727272727273
2016-12-01,20,22.181818181818183
2016-12-01,21,26.181818181818183
2016-12-01,22,33.090909090909093
2016-12-01,23,29.818181818181817
2016-12-01,24,25.818181818181817
2016-12-01,25,26.181818181818183
2016-12-01,26,24.363636363636363
2016-12-01,27,30.909090909090907
2016-12-01,28,25.09090909090909
2016-12-01,29,26.545454545454543
2016-12-01,30,24.727272727272727
2016-12-01,31,27.636363636363637
2016-12-01,32,23.636363636363637
2016-12-01,33,20.363636363636363
2016-12-01,34,50.18181818181818
2016-12-01,35,22.90909090909091
2016-12-01,36,25.454545454545453
2016-12-01,37,25.818181818181817
2016-12-01,38,26.181818181818183
2016-12-01,39,25.454545454545453
2016-12-01,40,27.27272727272727
2016-12-01,41,28.363636363636363
2016-12-01,42,24.363636363636363
2016-12-01,43,28.000000000000004
2016-12-01,44,22.90909090909091
2016-12-01,45,39.636363636363633
2016-12-01,46,25.818181818181817
2016-12-01,47,26.545454545454543
2016-12-01,48,24.363636363636363
2016-12-01,49,25.09090909090909
2016-12-01,50,22.90909090909091
2016-12-01,51,30.545454545454547
2016-12-01,52,26.90909090909091
2016-12-01,53,24.363636363636363
2016-12-01,54,31.272727272727273
2016-12-01,55,25.454545454545453
2016-12-01,56,30.181818181818183
2016-12-01,57,25.818181818181817
2016-12-01,58,24.0
2016-12-01,59,26.181818181818183
2016-12-01,60,24.0
2016-12-01,61,29.09090909090909
2016-12-01,62,24.363636363636363
2016-12-01,63,25.09090909090909
2016-12-01,64,23.636363636363637
2016-12-01,65,22.90909090909091
2016-12-01,66,19.272727272727273
2016-12-01,67,6.9090909090909092
2017-01-01,0,100.0
2017-01-01,1,23.658051689860834
2017-01-01,2,26.838966202783297
2017-01-01,3,28.628230616302186
2017-01-01,4,32.405566600397613
2017-01-01,5,32.206759443339962
2017-01-01,6,31.610337972166995
2017-01-01,7,33.20079522862823
2017-01-01,8,31.013916500994039
2017-01-01,9,33.00198807157058
2017-01-01,10,32.803180914512922
2017-01-01,11,33.399602385685881
2017-01-01,12,31.809145129224653
2017-01-01,13,33.00198807157058
2017-01-01,14,32.405566600397613
2017-01-01,15,33.996023856858848
2017-01-01,16,31.411530815109344
2017-01-01,17,33.20079522862823
2017-01-01,18,33.399602385685881
2017-01-01,19,32.405566600397613
2017-01-01,20,32.007952286282304
2017-01-01,21,31.013916500994039
2017-01-01,22,43.538767395626245
2017-01-01,23,30.417495029821072
2017-01-01,24,31.013916500994039
2017-01-01,25,29.025844930417495
2017-01-01,26,33.00198807157058
2017-01-01,27,36.381709741550694
2017-01-01,28,31.809145129224653
2017-01-01,29,33.00198807157058
2017-01-01,30,33.20079522862823
2017-01-01,31,31.21272365805169
2017-01-01,32,27.634194831013914
2017-01-01,33,50.29821073558648
2017-01-01,34,31.21272365805169
2017-01-01,35,29.4234592445328
2017-01-01,36,31.809145129224653
2017-01-01,37,32.206759443339962
2017-01-01,38,33.399602385685881
2017-01-01,39,28.827037773359841
2017-01-01,40,38.17097415506958
2017-01-01,41,31.809145129224653
2017-01-01,42,32.206759443339962
2017-01-01,43,30.61630218687873
2017-01-01,44,42.743538767395627
2017-01-01,45,30.218687872763418
2017-01-01,46,31.809145129224653
2017-01-01,47,32.206759443339962
2017-01-01,48,33.79721669980119
2017-01-01,49,29.22465208747515
2017-01-01,50,34.990059642147116
2017-01-01,51,30.61630218687873
2017-01-01,52,32.604373757455271
2017-01-01,53,38.767395626242546
2017-01-01,54,31.21272365805169
2017-01-01,55,32.405566600397613
2017-01-01,56,32.206759443339962
2017-01-01,57,33.20079522862823
2017-01-01,58,32.007952286282304
2017-01-01,59,33.00198807157058
2017-01-01,60,31.411530815109344
2017-01-01,61,30.218687872763418
2017-01-01,62,31.013916500994039
2017-01-01,63,32.803180914512922
2017-01-01,64,27.435387673956264
2017-01-01,65,22.86282306163022
2017-01-01,66,11.133200795228628
2017-02-01,0,100.0
2017-02-01,1,22.826086956521738
2017-02-01,2,28.260869565217391
2017-02-01,3,30.65217391304348
2017-02-01,4,31.521739130434785
2017-02-01,5,31.304347826086961
2017-02-01,6,33.043478260869563
2017-02-01,7,31.956521739130434
2017-02-01,8,34.782608695652172
2017-02-01,9,31.956521739130434
2017-02-01,10,31.086956521739129
2017-02-01,11,33.695652173913047
2017-02-01,12,30.434782608695656
2017-02-01,13,32.826086956521735
2017-02-01,14,31.739130434782609
2017-02-01,15,35.0
2017-02-01,16,35.434782608695656
2017-02-01,17,35.217391304347828
2017-02-01,18,31.304347826086961
2017-02-01,19,32.826086956521735
2017-02-01,20,33.260869565217391
2017-02-01,21,26.956521739130434
2017-02-01,22,40.0
2017-02-01,23,31.521739130434785
2017-02-01,24,30.217391304347824
2017-02-01,25,35.0
2017-02-01,26,32.391304347826086
2017-02-01,27,33.913043478260867
2017-02-01,28,31.956521739130434
2017-02-01,29,31.521739130434785
2017-02-01,30,31.956521739130434
2017-02-01,31,30.65217391304348
2017-02-01,32,27.173913043478258
2017-02-01,33,59.565217391304351
2017-02-01,34,28.913043478260867
2017-02-01,35,31.086956521739129
2017-02-01,36,30.65217391304348
2017-02-01,37,32.826086956521735
2017-02-01,38,32.826086956521735
2017-02-01,39,34.782608695652172
2017-02-01,40,30.0
2017-02-01,41,33.043478260869563
2017-02-01,42,33.695652173913047
2017-02-01,43,28.695652173913043
2017-02-01,44,39.782608695652172
2017-02-01,45,31.086956521739129
2017-02-01,46,33.043478260869563
2017-02-01,47,32.391304347826086
2017-02-01,48,28.695652173913043
2017-02-01,49,42.173913043478265
2017-02-01,50,30.65217391304348
2017-02-01,51,33.478260869565219
2017-02-01,52,32.391304347826086
2017-02-01,53,30.217391304347824
2017-02-01,54,33.913043478260867
2017-02-01,55,34.130434782608695
2017-02-01,56,32.391304347826086
2017-02-01,57,33.478260869565219
2017-02-01,58,33.260869565217391
2017-02-01,59,32.608695652173914
2017-02-01,60,29.565217391304348
2017-02-01,61,29.130434782608695
2017-02-01,62,32.173913043478258
2017-02-01,63,29.347826086956523
2017-02-01,64,25.0
2017-02-01,65,13.043478260869565
2017-03-01,0,100.0
2017-03-01,1,22.067594433399602
2017-03-01,2,26.838966202783297
2017-03-01,3,28.628230616302186
2017-03-01,4,30.61630218687873
2017-03-01,5,29.821073558648109
2017-03-01,6,30.417495029821072
2017-03-01,7,32.206759443339962
2017-03-01,8,31.013916500994039
2017-03-01,9,31.809145129224653
2017-03-01,10,29.821073558648109
2017-03-01,11,30.218687872763418
2017-03-01,12,31.013916500994039
2017-03-01,13,35.387673956262425
2017-03-01,14,29.622266401590458
2017-03-01,15,30.218687872763418
2017-03-01,16,37.972166998011929
2017-03-01,17,28.031809145129227
2017-03-01,18,34.1948310139165
2017-03-01,19,30.019880715705767
2017-03-01,20,30.019880715705767
2017-03-01,21,33.79721669980119
2017-03-01,22,35.984095427435385
2017-03-01,23,27.037773359840955
2017-03-01,24,32.405566600397613
2017-03-01,25,28.628230616302186
2017-03-01,26,35.984095427435385
2017-03-01,27,28.827037773359841
2017-03-01,28,31.013916500994039
2017-03-01,29,33.00198807157058
2017-03-01,30,28.827037773359841
2017-03-01,31,28.827037773359841
2017-03-01,32,55.268389662027829
2017-03-01,33,25.248508946322069
2017-03-01,34,30.815109343936381
2017-03-01,35,29.22465208747515
2017-03-01,36,31.411530815109344
2017-03-01,37,31.610337972166995
2017-03-01,38,26.640159045725646
2017-03-01,39,37.773359840954271
2017-03-01,40,30.417495029821072
2017-03-01,41,32.803180914512922
2017-03-01,42,25.248508946322069
2017-03-01,43,42.544731610337969
2017-03-01,44,27.236580516898606
2017-03-01,45,31.610337972166995
2017-03-01,46,32.405566600397613
2017-03-01,47,29.4234592445328
2017-03-01,48,39.165009940357855
2017-03-01,49,26.640159045725646
2017-03-01,50,31.411530815109344
2017-03-01,51,27.634194831013914
2017-03-01,52,37.375745526838969
2017-03-01,53,29.622266401590458
2017-03-01,54,33.00198807157058
2017-03-01,55,32.803180914512922
2017-03-01,56,30.61630218687873
2017-03-01,57,30.019880715705767
2017-03-01,58,31.21272365805169
2017-03-01,59,29.4234592445328
2017-03-01,60,32.405566600397613
2017-03-01,61,27.236580516898606
2017-03-01,62,29.622266401590458
2017-03-01,63,22.664015904572565
2017-03-01,64,9.74155069582505
2017-04-01,0,100.0
2017-04-01,1,28.118811881188122
2017-04-01,2,28.71287128712871
2017-04-01,3,32.079207920792079
2017-04-01,4,33.46534653465347
2017-04-01,5,33.861386138613867
2017-04-01,6,33.267326732673268
2017-04-01,7,33.267326732673268
2017-04-01,8,36.237623762376238
2017-04-01,9,33.663366336633665
2017-04-01,10,31.287128712871286
2017-04-01,11,34.653465346534652
2017-04-01,12,35.64356435643564
2017-04-01,13,34.455445544554451
2017-04-01,14,32.673267326732677
2017-04-01,15,32.475247524752476
2017-04-01,16,40.0
2017-04-01,17,31.287128712871286
2017-04-01,18,34.851485148514847
2017-04-01,19,35.049504950495049
2017-04-01,20,31.287128712871286
2017-04-01,21,43.960396039603964
2017-04-01,22,27.722772277227726
2017-04-01,23,35.049504950495049
2017-04-01,24,33.069306930693074
2017-04-01,25,34.653465346534652
2017-04-01,26,34.851485148514847
2017-04-01,27,35.64356435643564
2017-04-01,28,32.277227722772281
2017-04-01,29,33.861386138613867
2017-04-01,30,32.277227722772281
2017-04-01,31,29.504950495049503
2017-04-01,32,55.841584158415849
2017-04-01,33,30.297029702970296
2017-04-01,34,33.861386138613867
2017-04-01,35,32.277227722772281
2017-04-01,36,35.64356435643564
2017-04-01,37,32.871287128712872
2017-04-01,38,36.633663366336634
2017-04-01,39,31.287128712871286
2017-04-01,40,34.851485148514847
2017-04-01,41,34.257425742574263
2017-04-01,42,44.35643564356436
2017-04-01,43,26.534653465346537
2017-04-01,44,33.861386138613867
2017-04-01,45,37.029702970297031
2017-04-01,46,31.089108910891088
2017-04-01,47,32.079207920792079
2017-04-01,48,38.811881188118811
2017-04-01,49,34.455445544554451
2017-04-01,50,29.7029702970297
2017-04-01,51,37.425742574257427
2017-04-01,52,34.851485148514847
2017-04-01,53,34.653465346534652
2017-04-01,54,34.455445544554451
2017-04-01,55,32.871287128712872
2017-04-01,56,34.653465346534652
2017-04-01,57,32.871287128712872
2017-04-01,58,33.267326732673268
2017-04-01,59,33.663366336633665
2017-04-01,60,31.089108910891088
2017-04-01,61,31.881188118811881
2017-04-01,62,24.158415841584159
2017-04-01,63,11.683168316831685
2017-05-01,0,100.0
2017-05-01,1,22.588235294117649
2017-05-01,2,30.352941176470587
2017-05-01,3,31.529411764705884
2017-05-01,4,34.588235294117645
2017-05-01,5,32.941176470588232
2017-05-01,6,32.705882352941181
2017-05-01,7,36.705882352941174
2017-05-01,8,33.1764705882353
2017-05-01,9,32.470588235294116
2017-05-01,10,32.705882352941181
2017-05-01,11,34.8235294117647
2017-05-01,12,37.411764705882355
2017-05-01,13,30.117647058823525
2017-05-01,14,34.588235294117645
2017-05-01,15,37.1764705882353
2017-05-01,16,36.0
2017-05-01,17,34.352941176470587
2017-05-01,18,33.647058823529413
2017-05-01,19,34.352941176470587
2017-05-01,20,32.705882352941181
2017-05-01,21,40.235294117647058
2017-05-01,22,32.705882352941181
2017-05-01,23,30.823529411764707
2017-05-01,24,36.235294117647058
2017-05-01,25,36.0
2017-05-01,26,32.941176470588232
2017-05-01,27,33.882352941176471
2017-05-01,28,33.411764705882355
2017-05-01,29,33.411764705882355
2017-05-01,30,32.705882352941181
2017-05-01,31,52.470588235294116
2017-05-01,32,30.588235294117649
2017-05-01,33,30.823529411764707
2017-05-01,34,35.764705882352942
2017-05-01,35,32.235294117647058
2017-05-01,36,32.705882352941181
2017-05-01,37,37.1764705882353
2017-05-01,38,32.705882352941181
2017-05-01,39,36.0
2017-05-01,40,30.823529411764707
2017-05-01,41,33.411764705882355
2017-05-01,42,41.882352941176471
2017-05-01,43,32.941176470588232
2017-05-01,44,34.352941176470587
2017-05-01,45,32.705882352941181
2017-05-01,46,31.294117647058822
2017-05-01,47,41.647058823529406
2017-05-01,48,33.1764705882353
2017-05-01,49,31.294117647058822
2017-05-01,50,36.235294117647058
2017-05-01,51,36.941176470588232
2017-05-01,52,33.411764705882355
2017-05-01,53,31.529411764705884
2017-05-01,54,33.882352941176471
2017-05-01,55,36.0
2017-05-01,56,34.588235294117645
2017-05-01,57,30.588235294117649
2017-05-01,58,34.117647058823529
2017-05-01,59,32.941176470588232
2017-05-01,60,31.529411764705884
2017-05-01,61,24.941176470588236
2017-05-01,62,12.470588235294118
2017-06-01,0,100.0
2017-06-01,1,20.74074074074074
2017-06-01,2,22.962962962962962
2017-06-01,3,32.222222222222221
2017-06-01,4,27.037037037037038
2017-06-01,5,30.0
2017-06-01,6,32.222222222222221
2017-06-01,7,29.629629629629626
2017-06-01,8,26.666666666666668
2017-06-01,9,31.111111111111111
2017-06-01,10,34.074074074074076
2017-06-01,11,27.777777777777779
2017-06-01,12,32.592592592592595
2017-06-01,13,30.37037037037037
2017-06-01,14,30.0
2017-06-01,15,36.666666666666664
2017-06-01,16,28.148148148148149
2017-06-01,17,28.148148148148149
2017-06-01,18,35.185185185185183
2017-06-01,19,29.629629629629626
2017-06-01,20,29.629629629629626
2017-06-01,21,35.925925925925931
2017-06-01,22,28.888888888888886
2017-06-01,23,30.0
2017-06-01,24,29.259259259259256
2017-06-01,25,32.592592592592595
2017-06-01,26,31.111111111111111
2017-06-01,27,31.851851851851855
2017-06-01,28,27.777777777777779
2017-06-01,29,31.111111111111111
2017-06-01,30,23.703703703703706
2017-06-01,31,50.0
2017-06-01,32,28.148148148148149
2017-06-01,33,29.629629629629626
2017-06-01,34,31.481481481481481
2017-06-01,35,29.629629629629626
2017-06-01,36,30.37037037037037
2017-06-01,37,34.444444444444443
2017-06-01,38,27.037037037037038
2017-06-01,39,30.74074074074074
2017-06-01,40,27.407407407407408
2017-06-01,41,40.0
2017-06-01,42,29.259259259259256
2017-06-01,43,29.259259259259256
2017-06-01,44,33.333333333333329
2017-06-01,45,27.407407407407408
2017-06-01,46,34.074074074074076
2017-06-01,47,31.481481481481481
2017-06-01,48,30.0
2017-06-01,49,32.962962962962962
2017-06-01,50,29.629629629629626
2017-06-01,51,29.259259259259256
2017-06-01,52,31.111111111111111
2017-06-01,53,30.37037037037037
2017-06-01,54,29.629629629629626
2017-06-01,55,32.962962962962962
2017-06-01,56,28.888888888888886
2017-06-01,57,28.518518518518519
2017-06-01,58,30.37037037037037
2017-06-01,59,25.555555555555554
2017-06-01,60,22.592592592592592
2017-06-01,61,10.74074074074074
2017-07-01,0,100.0
2017-07-01,1,25.298804780876495
2017-07-01,2,29.382470119521916
2017-07-01,3,31.772908366533866
2017-07-01,4,30.876494023904382
2017-07-01,5,34.462151394422314
2017-07-01,6,34.262948207171313
2017-07-01,7,30.47808764940239
2017-07-01,8,33.56573705179283
2017-07-01,9,33.466135458167329
2017-07-01,10,35.2589641434263
2017-07-01,11,31.872509960159363
2017-07-01,12,35.2589641434263
2017-07-01,13,33.366533864541829
2017-07-01,14,32.270916334661351
2017-07-01,15,38.545816733067731
2017-07-01,16,31.374501992031874
2017-07-01,17,34.063745019920319
2017-07-01,18,32.669322709163346
2017-07-01,19,30.976095617529882
2017-07-01,20,42.928286852589643
2017-07-01,21,29.880478087649404
2017-07-01,22,32.968127490039841
2017-07-01,23,34.362549800796813
2017-07-01,24,35.0597609561753
2017-07-01,25,33.56573705179283
2017-07-01,26,32.768924302788847
2017-07-01,27,33.764940239043824
2017-07-01,28,31.97211155378486
2017-07-01,29,31.075697211155379
2017-07-01,30,53.884462151394416
2017-07-01,31,27.888446215139439
2017-07-01,32,32.569721115537845
2017-07-01,33,31.97211155378486
2017-07-01,34,33.764940239043824
2017-07-01,35,33.466135458167329
2017-07-01,36,35.2589641434263
2017-07-01,37,32.968127490039841
2017-07-01,38,33.665338645418323
2017-07-01,39,31.474103585657371
2017-07-01,40,42.729083665338649
2017-07-01,41,30.278884462151396
2017-07-01,42,34.063745019920319
2017-07-01,43,32.569721115537845
2017-07-01,44,32.270916334661351
2017-07-01,45,36.055776892430281
2017-07-01,46,33.864541832669318
2017-07-01,47,33.466135458167329
2017-07-01,48,33.167330677290835
2017-07-01,49,34.561752988047814
2017-07-01,50,33.665338645418323
2017-07-01,51,33.56573705179283
2017-07-01,52,32.86852589641434
2017-07-01,53,33.067729083665334
2017-07-01,54,33.167330677290835
2017-07-01,55,32.768924302788847
2017-07-01,56,32.470119521912352
2017-07-01,57,31.772908366533866
2017-07-01,58,30.278884462151396
2017-07-01,59,25.597609561752989
2017-07-01,60,11.553784860557768
2017-08-01,0,100.0
2017-08-01,1,24.863883847549907
2017-08-01,2,32.486388384754989
2017-08-01,3,33.212341197822141
2017-08-01,4,34.845735027223228
2017-08-01,5,33.212341197822141
2017-08-01,6,33.030852994555353
2017-08-01,7,37.386569872958262
2017-08-01,8,35.390199637023592
2017-08-01,9,35.753176043557168
2017-08-01,10,33.756805807622506
2017-08-01,11,34.845735027223228
2017-08-01,12,35.934664246823957
2017-08-01,13,34.482758620689658
2017-08-01,14,36.84210526315789
2017-08-01,15,39.201451905626136
2017-08-01,16,34.119782214156082
2017-08-01,17,36.297640653357533
2017-08-01,18,31.760435571687839
2017-08-01,19,33.212341197822141
2017-08-01,20,46.098003629764065
2017-08-01,21,32.304900181488208
2017-08-01,22,35.57168784029038
2017-08-01,23,35.027223230490016
2017-08-01,24,36.297640653357533
2017-08-01,25,35.027223230490016
2017-08-01,26,35.027223230490016
2017-08-01,27,35.027223230490016
2017-08-01,28,35.208711433756804
2017-08-01,29,30.308529945553541
2017-08-01,30,54.264972776769504
2017-08-01,31,33.575317604355718
2017-08-01,32,34.482758620689658
2017-08-01,33,35.753176043557168
2017-08-01,34,35.208711433756804
2017-08-01,35,32.486388384754989
2017-08-01,36,38.112522686025407
2017-08-01,37,36.297640653357533
2017-08-01,38,34.845735027223228
2017-08-01,39,30.127041742286753
2017-08-01,40,47.005444646098006
2017-08-01,41,34.482758620689658
2017-08-01,42,31.578947368421051
2017-08-01,43,37.023593466424678
2017-08-01,44,31.397459165154263
2017-08-01,45,41.1978221415608
2017-08-01,46,38.294010889292196
2017-08-01,47,32.304900181488208
2017-08-01,48,35.934664246823957
2017-08-01,49,33.393829401088929
2017-08-01,50,37.386569872958262
2017-08-01,51,33.575317604355718
2017-08-01,52,38.112522686025407
2017-08-01,53,36.297640653357533
2017-08-01,54,32.849364791288565
2017-08-01,55,33.212341197822141
2017-08-01,56,33.575317604355718
2017-08-01,57,32.304900181488208
2017-08-01,58,29.219600725952816
2017-08-01,59,11.61524500907441
2017-09-01,0,100.0
2017-09-01,1,26.101694915254235
2017-09-01,2,29.830508474576273
2017-09-01,3,30.338983050847457
2017-09-01,4,34.576271186440678
2017-09-01,5,30.847457627118647
2017-09-01,6,33.728813559322035
2017-09-01,7,33.220338983050844
2017-09-01,8,34.237288135593218
2017-09-01,9,34.915254237288131
2017-09-01,10,34.067796610169495
2017-09-01,11,35.254237288135592
2017-09-01,12,32.711864406779661
2017-09-01,13,33.050847457627121
2017-09-01,14,35.084745762711869
2017-09-01,15,39.49152542372881
2017-09-01,16,32.542372881355931
2017-09-01,17,32.542372881355931
2017-09-01,18,33.389830508474574
2017-09-01,19,36.610169491525426
2017-09-01,20,35.762711864406782
2017-09-01,21,32.20338983050847
2017-09-01,22,34.576271186440678
2017-09-01,23,36.949152542372879
2017-09-01,24,32.881355932203391
2017-09-01,25,34.576271186440678
2017-09-01,26,32.3728813559322
2017-09-01,27,34.915254237288131
2017-09-01,28,28.8135593220339
2017-09-01,29,55.254237288135585
2017-09-01,30,29.66101694915254
2017-09-01,31,31.694915254237287
2017-09-01,32,34.745762711864408
2017-09-01,33,33.220338983050844
2017-09-01,34,34.067796610169495
2017-09-01,35,37.118644067796609
2017-09-01,36,31.864406779661014
2017-09-01,37,33.220338983050844
2017-09-01,38,32.881355932203391
2017-09-01,39,40.847457627118644
2017-09-01,40,32.881355932203391
2017-09-01,41,30.677966101694913
2017-09-01,42,35.423728813559322
2017-09-01,43,31.35593220338983
2017-09-01,44,41.864406779661017
2017-09-01,45,32.711864406779661
2017-09-01,46,31.35593220338983
2017-09-01,47,36.779661016949149
2017-09-01,48,32.20338983050847
2017-09-01,49,37.457627118644069
2017-09-01,50,31.864406779661014
2017-09-01,51,35.254237288135592
2017-09-01,52,32.711864406779661
2017-09-01,53,31.864406779661014
2017-09-01,54,34.237288135593218
2017-09-01,55,33.050847457627121
2017-09-01,56,30.0
2017-09-01,57,24.745762711864408
2017-09-01,58,10.677966101694915
2017-10-01,0,100.0
2017-10-01,1,25.274725274725274
2017-10-01,2,31.554160125588698
2017-10-01,3,31.711145996860285
2017-10-01,4,35.007849293563581
2017-10-01,5,32.967032967032964
2017-10-01,6,33.908948194662479
2017-10-01,7,35.949764521193096
2017-10-01,8,34.222919937205653
2017-10-01,9,36.263736263736263
2017-10-01,10,34.065934065934066
2017-10-01,11,34.222919937205653
2017-10-01,12,35.164835164835168
2017-10-01,13,34.693877551020407
2017-10-01,14,39.246467817896388
2017-10-01,15,34.222919937205653
2017-10-01,16,33.437990580847725
2017-10-01,17,34.379905808477233
2017-10-01,18,33.908948194662479
2017-10-01,19,42.3861852433281
2017-10-01,20,32.49607535321821
2017-10-01,21,35.792778649921509
2017-10-01,22,33.437990580847725
2017-10-01,23,34.222919937205653
2017-10-01,24,35.164835164835168
2017-10-01,25,35.635792778649922
2017-10-01,26,34.53689167974882
2017-10-01,27,33.281004709576138
2017-10-01,28,27.629513343799054
2017-10-01,29,57.6138147566719
2017-10-01,30,31.397174254317111
2017-10-01,31,33.281004709576138
2017-10-01,32,35.321821036106748
2017-10-01,33,35.635792778649922
2017-10-01,34,36.577708006279437
2017-10-01,35,32.6530612244898
2017-10-01,36,34.379905808477233
2017-10-01,37,33.751962323390892
2017-10-01,38,43.642072213500789
2017-10-01,39,33.751962323390892
2017-10-01,40,31.083202511773937
2017-10-01,41,35.164835164835168
2017-10-01,42,32.810047095761377
2017-10-01,43,41.915227629513346
2017-10-01,44,31.240188383045524
2017-10-01,45,36.42072213500785
2017-10-01,46,34.53689167974882
2017-10-01,47,32.967032967032964
2017-10-01,48,36.577708006279437
2017-10-01,49,35.478806907378335
2017-10-01,50,35.478806907378335
2017-10-01,51,35.164835164835168
2017-10-01,52,30.926216640502357
2017-10-01,53,35.321821036106748
2017-10-01,54,33.437990580847725
2017-10-01,55,31.083202511773937
2017-10-01,56,28.100470957613815
2017-10-01,57,11.930926216640502
2017-11-01,0,100.0
2017-11-01,1,22.5140712945591
2017-11-01,2,30.581613508442778
2017-11-01,3,29.455909943714818
2017-11-01,4,31.51969981238274
2017-11-01,5,30.76923076923077
2017-11-01,6,33.583489681050658
2017-11-01,7,32.833020637898684
2017-11-01,8,33.958724202626641
2017-11-01,9,32.645403377110696
2017-11-01,10,30.76923076923077
2017-11-01,11,35.0844277673546
2017-11-01,12,33.02063789868668
2017-11-01,13,31.332082551594748
2017-11-01,14,39.587242026266416
2017-11-01,15,28.142589118198874
2017-11-01,16,34.333958724202631
2017-11-01,17,31.332082551594748
2017-11-01,18,29.455909943714818
2017-11-01,19,42.213883677298313
2017-11-01,20,30.76923076923077
2017-11-01,21,33.02063789868668
2017-11-01,22,33.583489681050658
2017-11-01,23,31.894934333958723
2017-11-01,24,35.647279549718576
2017-11-01,25,31.51969981238274
2017-11-01,26,32.082551594746718
2017-11-01,27,28.705440900562852
2017-11-01,28,54.596622889305813
2017-11-01,29,27.954971857410882
2017-11-01,30,30.956848030018762
2017-11-01,31,32.270168855534706
2017-11-01,32,34.709193245778614
2017-11-01,33,31.332082551594748
2017-11-01,34,33.958724202626641
2017-11-01,35,33.583489681050658
2017-11-01,36,31.707317073170731
2017-11-01,37,29.643527204502814
2017-11-01,38,39.774859287054412
2017-11-01,39,31.51969981238274
2017-11-01,40,35.647279549718576
2017-11-01,41,29.831144465290805
2017-11-01,42,37.148217636022515
2017-11-01,43,31.707317073170731
2017-11-01,44,32.082551594746718
2017-11-01,45,35.272045028142593
2017-11-01,46,31.332082551594748
2017-11-01,47,33.395872420262663
2017-11-01,48,33.583489681050658
2017-11-01,49,33.02063789868668
2017-11-01,50,30.956848030018762
2017-11-01,51,33.02063789868668
2017-11-01,52,30.76923076923077
2017-11-01,53,32.4577861163227
2017-11-01,54,30.0187617260788
2017-11-01,55,25.140712945590991
2017-11-01,56,12.007504690431519
2017-12-01,0,100.0
2017-12-01,1,22.997416020671835
2017-12-01,2,21.447028423772611
2017-12-01,3,27.131782945736433
2017-12-01,4,25.839793281653744
2017-12-01,5,28.68217054263566
2017-12-01,6,28.165374677002585
2017-12-01,7,28.165374677002585
2017-12-01,8,27.906976744186046
2017-12-01,9,31.782945736434108
2017-12-01,10,26.098191214470283
2017-12-01,11,28.423772609819121
2017-12-01,12,28.165374677002585
2017-12-01,13,27.906976744186046
2017-12-01,14,33.850129198966414
2017-12-01,15,25.581395348837212
2017-12-01,16,28.68217054263566
2017-12-01,17,29.457364341085274
2017-12-01,18,29.457364341085274
2017-12-01,19,33.850129198966414
2017-12-01,20,28.68217054263566
2017-12-01,21,27.131782945736433
2017-12-01,22,29.457364341085274
2017-12-01,23,28.165374677002585
2017-12-01,24,27.390180878552972
2017-12-01,25,28.165374677002585
2017-12-01,26,26.098191214470283
2017-12-01,27,23.51421188630491
2017-12-01,28,51.162790697674424
2017-12-01,29,23.772609819121445
2017-12-01,30,26.873385012919897
2017-12-01,31,27.648578811369507
2017-12-01,32,30.232558139534881
2017-12-01,33,29.457364341085274
2017-12-01,34,27.131782945736433
2017-12-01,35,27.131782945736433
2017-12-01,36,25.839793281653744
2017-12-01,37,42.118863049095609
2017-12-01,38,23.772609819121445
2017-12-01,39,26.356589147286826
2017-12-01,40,31.266149870801037
2017-12-01,41,24.031007751937985
2017-12-01,42,34.883720930232556
2017-12-01,43,27.131782945736433
2017-12-01,44,32.558139534883722
2017-12-01,45,24.547803617571059
2017-12-01,46,31.524547803617569
2017-12-01,47,26.873385012919897
2017-12-01,48,26.356589147286826
2017-12-01,49,30.232558139534881
2017-12-01,50,27.390180878552972
2017-12-01,51,26.873385012919897
2017-12-01,52,27.131782945736433
2017-12-01,53,24.031007751937985
2017-12-01,54,20.671834625322997
2017-12-01,55,8.2687338501292
2018-01-01,0,100.0
2018-01-01,1,19.88950276243094
2018-01-01,2,25.78268876611418
2018-01-01,3,32.596685082872931
2018-01-01,4,27.992633517495396
2018-01-01,5,31.123388581952117
2018-01-01,6,31.860036832412526
2018-01-01,7,29.2817679558011
2018-01-01,8,31.123388581952117
2018-01-01,9,35.911602209944753
2018-01-01,10,27.808471454880294
2018-01-01,11,34.069981583793741
2018-01-01,12,32.044198895027627
2018-01-01,13,27.808471454880294
2018-01-01,14,35.174953959484348
2018-01-01,15,29.2817679558011
2018-01-01,16,31.675874769797424
2018-01-01,17,30.755064456721914
2018-01-01,18,41.25230202578269
2018-01-01,19,28.5451197053407
2018-01-01,20,30.018416206261513
2018-01-01,21,30.018416206261513
2018-01-01,22,35.727440147329645
2018-01-01,23,29.2817679558011
2018-01-01,24,32.965009208103133
2018-01-01,25,29.097605893186003
2018-01-01,26,28.360957642725598
2018-01-01,27,50.46040515653776
2018-01-01,28,27.440147329650095
2018-01-01,29,31.491712707182316
2018-01-01,30,30.755064456721914
2018-01-01,31,31.675874769797424
2018-01-01,32,28.913443830570902
2018-01-01,33,35.911602209944753
2018-01-01,34,31.675874769797424
2018-01-01,35,26.887661141804784
2018-01-01,36,43.646408839779006
2018-01-01,37,26.151012891344383
2018-01-01,38,32.044198895027627
2018-01-01,39,30.018416206261513
2018-01-01,40,29.2817679558011
2018-01-01,41,32.965009208103133
2018-01-01,42,33.333333333333329
2018-01-01,43,29.097605893186003
2018-01-01,44,34.254143646408842
2018-01-01,45,33.885819521178639
2018-01-01,46,30.755064456721914
2018-01-01,47,29.65009208103131
2018-01-01,48,32.780847145488032
2018-01-01,49,28.913443830570902
2018-01-01,50,31.491712707182316
2018-01-01,51,29.465930018416209
2018-01-01,52,28.5451197053407
2018-01-01,53,21.915285451197054
2018-01-01,54,11.602209944751381
2018-02-01,0,100.0
2018-02-01,1,24.448529411764707
2018-02-01,2,30.698529411764707
2018-02-01,3,34.92647058823529
2018-02-01,4,34.92647058823529
2018-02-01,5,35.661764705882355
2018-02-01,6,36.580882352941174
2018-02-01,7,33.272058823529413
2018-02-01,8,36.94852941176471
2018-02-01,9,36.029411764705884
2018-02-01,10,35.661764705882355
2018-02-01,11,36.764705882352942
2018-02-01,12,34.375
2018-02-01,13,38.602941176470587
2018-02-01,14,31.801470588235293
2018-02-01,15,38.602941176470587
2018-02-01,16,34.558823529411761
2018-02-01,17,32.536764705882355
2018-02-01,18,44.852941176470587
2018-02-01,19,33.088235294117645
2018-02-01,20,37.5
2018-02-01,21,37.132352941176471
2018-02-01,22,34.375
2018-02-01,23,36.213235294117645
2018-02-01,24,34.007352941176471
2018-02-01,25,36.397058823529413
2018-02-01,26,27.757352941176471
2018-02-01,27,54.227941176470587
2018-02-01,28,33.088235294117645
2018-02-01,29,35.110294117647058
2018-02-01,30,36.764705882352942
2018-02-01,31,36.580882352941174
2018-02-01,32,36.029411764705884
2018-02-01,33,35.477941176470587
2018-02-01,34,36.397058823529413
2018-02-01,35,30.514705882352942
2018-02-01,36,44.852941176470587
2018-02-01,37,34.558823529411761
2018-02-01,38,36.764705882352942
2018-02-01,39,34.191176470588239
2018-02-01,40,38.05147058823529
2018-02-01,41,33.088235294117645
2018-02-01,42,36.764705882352942
2018-02-01,43,37.867647058823529
2018-02-01,44,32.169117647058826
2018-02-01,45,38.05147058823529
2018-02-01,46,35.477941176470587
2018-02-01,47,36.764705882352942
2018-02-01,48,34.191176470588239
2018-02-01,49,34.375
2018-02-01,50,35.845588235294116
2018-02-01,51,33.82352941176471
2018-02-01,52,27.941176470588236
2018-02-01,53,11.948529411764707
2018-03-01,0,100.0
2018-03-01,1,28.061224489795915
2018-03-01,2,31.292517006802722
2018-03-01,3,32.312925170068027
2018-03-01,4,34.353741496598637
2018-03-01,5,33.843537414965986
2018-03-01,6,34.013605442176868
2018-03-01,7,34.013605442176868
2018-03-01,8,36.564625850340136
2018-03-01,9,34.353741496598637
2018-03-01,10,35.544217687074834
2018-03-01,11,33.503401360544217
2018-03-01,12,34.183673469387756
2018-03-01,13,38.775510204081634
2018-03-01,14,34.693877551020407
2018-03-01,15,35.544217687074834
2018-03-01,16,34.863945578231295
2018-03-01,17,38.265306122448976
2018-03-01,18,36.564625850340136
2018-03-01,19,34.523809523809526
2018-03-01,20,34.863945578231295
2018-03-01,21,37.244897959183675
2018-03-01,22,33.333333333333329
2018-03-01,23,33.843537414965986
2018-03-01,24,34.693877551020407
2018-03-01,25,30.4421768707483
2018-03-01,26,54.591836734693878
2018-03-01,27,30.612244897959183
2018-03-01,28,34.013605442176868
2018-03-01,29,35.034013605442176
2018-03-01,30,33.503401360544217
2018-03-01,31,36.394557823129254
2018-03-01,32,33.503401360544217
2018-03-01,33,37.755102040816325
2018-03-01,34,30.952380952380953
2018-03-01,35,43.707482993197274
2018-03-01,36,32.142857142857146
2018-03-01,37,34.013605442176868
2018-03-01,38,36.904761904761905
2018-03-01,39,37.925170068027207
2018-03-01,40,34.523809523809526
2018-03-01,41,34.863945578231295
2018-03-01,42,35.544217687074834
2018-03-01,43,34.013605442176868
2018-03-01,44,35.374149659863946
2018-03-01,45,34.863945578231295
2018-03-01,46,35.714285714285715
2018-03-01,47,31.292517006802722
2018-03-01,48,35.034013605442176
2018-03-01,49,32.482993197278915
2018-03-01,50,32.482993197278915
2018-03-01,51,27.551020408163261
2018-03-01,52,11.904761904761903
2018-04-01,0,100.0
2018-04-01,1,24.23146473779385
2018-04-01,2,28.752260397830021
2018-04-01,3,32.1880650994575
2018-04-01,4,32.368896925858955
2018-04-01,5,33.092224231464741
2018-04-01,6,33.45388788426763
2018-04-01,7,33.996383363471971
2018-04-01,8,34.538878842676311
2018-04-01,9,33.273056057866185
2018-04-01,10,33.996383363471971
2018-04-01,11,31.28390596745027
2018-04-01,12,33.092224231464741
2018-04-01,13,41.410488245931283
2018-04-01,14,30.37974683544304
2018-04-01,15,33.815551537070526
2018-04-01,16,33.996383363471971
2018-04-01,17,40.144665461121157
2018-04-01,18,30.37974683544304
2018-04-01,19,34.719710669077756
2018-04-01,20,33.273056057866185
2018-04-01,21,34.538878842676311
2018-04-01,22,33.815551537070526
2018-04-01,23,32.5497287522604
2018-04-01,24,33.634719710669074
2018-04-01,25,26.220614828209765
2018-04-01,26,54.972875226039783
2018-04-01,27,31.103074141048825
2018-04-01,28,33.634719710669074
2018-04-01,29,32.007233273056059
2018-04-01,30,33.996383363471971
2018-04-01,31,34.35804701627486
2018-04-01,32,34.538878842676311
2018-04-01,33,33.092224231464741
2018-04-01,34,38.517179023508135
2018-04-01,35,31.645569620253166
2018-04-01,36,33.45388788426763
2018-04-01,37,32.1880650994575
2018-04-01,38,32.911392405063289
2018-04-01,39,39.421338155515372
2018-04-01,40,32.5497287522604
2018-04-01,41,35.804701627486438
2018-04-01,42,31.826401446654611
2018-04-01,43,34.538878842676311
2018-04-01,44,33.996383363471971
2018-04-01,45,34.177215189873415
2018-04-01,46,31.826401446654611
2018-04-01,47,33.45388788426763
2018-04-01,48,30.198915009041592
2018-04-01,49,32.368896925858955
2018-04-01,50,26.763110307414106
2018-04-01,51,8.4990958408679926
2018-05-01,0,100.0
2018-05-01,1,25.343811394891947
2018-05-01,2,29.469548133595286
2018-05-01,3,32.416502946954814
2018-05-01,4,32.612966601178783
2018-05-01,5,35.559921414538309
2018-05-01,6,34.3811394891945
2018-05-01,7,33.20235756385069
2018-05-01,8,34.77406679764244
2018-05-01,9,29.862475442043223
2018-05-01,10,37.328094302554028
2018-05-01,11,33.20235756385069
2018-05-01,12,33.988212180746565
2018-05-01,13,34.77406679764244
2018-05-01,14,32.612966601178783
2018-05-01,15,36.345776031434184
2018-05-01,16,29.666011787819251
2018-05-01,17,46.954813359528487
2018-05-01,18,32.416502946954814
2018-05-01,19,32.612966601178783
2018-05-01,20,36.738703339882122
2018-05-01,21,33.20235756385069
2018-05-01,22,35.559921414538309
2018-05-01,23,29.666011787819251
2018-05-01,24,33.20235756385069
2018-05-01,25,52.259332023575631
2018-05-01,26,30.648330058939095
2018-05-01,27,33.398821218074652
2018-05-01,28,32.809430255402752
2018-05-01,29,32.809430255402752
2018-05-01,30,38.506876227897841
2018-05-01,31,32.416502946954814
2018-05-01,32,33.595284872298627
2018-05-01,33,27.111984282907663
2018-05-01,34,48.1335952848723
2018-05-01,35,33.005893909626721
2018-05-01,36,34.577603143418465
2018-05-01,37,30.058939096267189
2018-05-01,38,39.685658153241647
2018-05-01,39,33.20235756385069
2018-05-01,40,36.542239685658153
2018-05-01,41,32.809430255402752
2018-05-01,42,35.559921414538309
2018-05-01,43,31.630648330058943
2018-05-01,44,34.3811394891945
2018-05-01,45,34.77406679764244
2018-05-01,46,33.20235756385069
2018-05-01,47,31.237721021611005
2018-05-01,48,32.023575638506877
2018-05-01,49,26.522593320235753
2018-05-01,50,11.394891944990176
2018-06-01,0,100.0
2018-06-01,1,25.925925925925924
2018-06-01,2,26.984126984126984
2018-06-01,3,27.777777777777779
2018-06-01,4,28.835978835978835
2018-06-01,5,28.042328042328041
2018-06-01,6,33.06878306878307
2018-06-01,7,30.952380952380953
2018-06-01,8,29.100529100529098
2018-06-01,9,29.100529100529098
2018-06-01,10,30.158730158730158
2018-06-01,11,30.158730158730158
2018-06-01,12,34.391534391534393
2018-06-01,13,29.629629629629626
2018-06-01,14,30.687830687830687
2018-06-01,15,29.894179894179896
2018-06-01,16,34.656084656084658
2018-06-01,17,31.481481481481481
2018-06-01,18,30.952380952380953
2018-06-01,19,30.423280423280424
2018-06-01,20,28.835978835978835
2018-06-01,21,32.010582010582013
2018-06-01,22,28.306878306878307
2018-06-01,23,29.629629629629626
2018-06-01,24,23.280423280423278
2018-06-01,25,54.761904761904766
2018-06-01,26,28.042328042328041
2018-06-01,27,27.777777777777779
2018-06-01,28,32.804232804232804
2018-06-01,29,27.777777777777779
2018-06-01,30,31.481481481481481
2018-06-01,31,30.158730158730158
2018-06-01,32,25.661375661375661
2018-06-01,33,40.211640211640209
2018-06-01,34,28.042328042328041
2018-06-01,35,32.275132275132272
2018-06-01,36,27.777777777777779
2018-06-01,37,37.566137566137563
2018-06-01,38,28.042328042328041
2018-06-01,39,29.629629629629626
2018-06-01,40,29.100529100529098
2018-06-01,41,31.481481481481481
2018-06-01,42,31.481481481481481
2018-06-01,43,29.894179894179896
2018-06-01,44,27.513227513227513
2018-06-01,45,30.158730158730158
2018-06-01,46,27.24867724867725
2018-06-01,47,31.216931216931215
2018-06-01,48,22.486772486772484
2018-06-01,49,7.9365079365079358
2018-07-01,0,100.0
2018-07-01,1,26.022628372497824
2018-07-01,2,30.548302872062667
2018-07-01,3,32.201914708442125
2018-07-01,4,33.420365535248045
2018-07-01,5,34.551784160139256
2018-07-01,6,36.0313315926893
2018-07-01,7,31.505657093124455
2018-07-01,8,37.771975630983462
2018-07-01,9,31.505657093124455
2018-07-01,10,36.37946040034813
2018-07-01,11,33.420365535248045
2018-07-01,12,40.905134899912973
2018-07-01,13,32.463011314186247
2018-07-01,14,34.37771975630983
2018-07-01,15,32.550043516100956
2018-07-01,16,45.77893820713664
2018-07-01,17,30.461270670147954
2018-07-01,18,35.68320278503046
2018-07-01,19,33.333333333333329
2018-07-01,20,35.248041775456919
2018-07-01,21,34.029590948651
2018-07-01,22,33.942558746736289
2018-07-01,23,31.418624891209745
2018-07-01,24,55.961705831157524
2018-07-01,25,31.070496083550914
2018-07-01,26,31.24456048738033
2018-07-01,27,33.855526544821586
2018-07-01,28,36.0313315926893
2018-07-01,29,35.68320278503046
2018-07-01,30,34.638816362053959
2018-07-01,31,31.679721496953871
2018-07-01,32,43.95126196692776
2018-07-01,33,31.592689295039168
2018-07-01,34,32.9852045256745
2018-07-01,35,34.899912967798087
2018-07-01,36,38.729329852045261
2018-07-01,37,33.768494342906877
2018-07-01,38,33.855526544821586
2018-07-01,39,36.37946040034813
2018-07-01,40,36.37946040034813
2018-07-01,41,31.418624891209745
2018-07-01,42,38.033072236727591
2018-07-01,43,32.288946910356827
2018-07-01,44,34.37771975630983
2018-07-01,45,32.201914708442125
2018-07-01,46,32.114882506527415
2018-07-01,47,27.676240208877285
2018-07-01,48,12.793733681462141
2018-08-01,0,100.0
2018-08-01,1,25.835866261398177
2018-08-01,2,30.69908814589666
2018-08-01,3,31.458966565349545
2018-08-01,4,35.258358662613979
2018-08-01,5,33.890577507598785
2018-08-01,6,32.370820668693007
2018-08-01,7,32.978723404255319
2018-08-01,8,36.778115501519757
2018-08-01,9,36.626139817629181
2018-08-01,10,32.978723404255319
2018-08-01,11,31.914893617021278
2018-08-01,12,42.097264437689965
2018-08-01,13,32.218844984802431
2018-08-01,14,33.586626139817625
2018-08-01,15,30.243161094224924
2018-08-01,16,45.744680851063826
2018-08-01,17,33.738601823708208
2018-08-01,18,33.130699088145896
2018-08-01,19,35.714285714285715
2018-08-01,20,34.346504559270521
2018-08-01,21,34.042553191489361
2018-08-01,22,33.130699088145896
2018-08-01,23,27.96352583586626
2018-08-01,24,57.142857142857139
2018-08-01,25,30.091185410334347
2018-08-01,26,35.1063829787234
2018-08-01,27,34.4984802431611
2018-08-01,28,35.410334346504555
2018-08-01,29,32.218844984802431
2018-08-01,30,35.562310030395139
2018-08-01,31,30.091185410334347
2018-08-01,32,44.984802431610944
2018-08-01,33,32.52279635258359
2018-08-01,34,33.434650455927049
2018-08-01,35,32.826747720364743
2018-08-01,36,40.881458966565347
2018-08-01,37,31.914893617021278
2018-08-01,38,35.562310030395139
2018-08-01,39,34.954407294832826
2018-08-01,40,35.866261398176292
2018-08-01,41,34.650455927051674
2018-08-01,42,33.130699088145896
2018-08-01,43,35.258358662613979
2018-08-01,44,31.306990881458969
2018-08-01,45,32.218844984802431
2018-08-01,46,27.96352583586626
2018-08-01,47,13.677811550151976
2018-09-01,0,100.0
2018-09-01,1,30.513595166163142
2018-09-01,2,31.722054380664655
2018-09-01,3,33.081570996978854
2018-09-01,4,36.102719033232624
2018-09-01,5,33.987915407854985
2018-09-01,6,36.40483383685801
2018-09-01,7,34.743202416918429
2018-09-01,8,37.613293051359513
2018-09-01,9,34.44108761329305
2018-09-01,10,38.670694864048336
2018-09-01,11,35.951661631419938
2018-09-01,12,38.066465256797585
2018-09-01,13,36.858006042296068
2018-09-01,14,35.498489425981873
2018-09-01,15,39.42598187311178
2018-09-01,16,38.368580060422964
2018-09-01,17,34.290030211480357
2018-09-01,18,36.5558912386707
2018-09-01,19,37.160120845921455
2018-09-01,20,35.800604229607252
2018-09-01,21,36.253776435045317
2018-09-01,22,32.3262839879154
2018-09-01,23,57.401812688821749
2018-09-01,24,29.456193353474319
2018-09-01,25,37.311178247734141
2018-09-01,26,34.290030211480357
2018-09-01,27,33.383685800604226
2018-09-01,28,40.6344410876133
2018-09-01,29,32.628398791540789
2018-09-01,30,34.138972809667671
2018-09-01,31,45.9214501510574
2018-09-01,32,33.987915407854985
2018-09-01,33,35.951661631419938
2018-09-01,34,35.347432024169187
2018-09-01,35,40.332326283987911
2018-09-01,36,36.40483383685801
2018-09-01,37,38.368580060422964
2018-09-01,38,34.290030211480357
2018-09-01,39,36.40483383685801
2018-09-01,40,34.44108761329305
2018-09-01,41,36.706948640483382
2018-09-01,42,35.498489425981873
2018-09-01,43,33.534743202416919
2018-09-01,44,33.081570996978854
2018-09-01,45,28.851963746223564
2018-09-01,46,11.782477341389729
2018-10-01,0,100.0
2018-10-01,1,25.211505922165824
2018-10-01,2,29.949238578680205
2018-10-01,3,31.810490693739425
2018-10-01,4,32.656514382402705
2018-10-01,5,34.01015228426396
2018-10-01,6,34.686971235194584
2018-10-01,7,35.702199661590519
2018-10-01,8,34.348561759729272
2018-10-01,9,37.394247038917086
2018-10-01,10,32.825719120135368
2018-10-01,11,37.225042301184438
2018-10-01,12,34.348561759729272
2018-10-01,13,34.179357021996616
2018-10-01,14,32.148900169204737
2018-10-01,15,44.839255499153971
2018-10-01,16,31.979695431472084
2018-10-01,17,32.825719120135368
2018-10-01,18,37.56345177664975
2018-10-01,19,33.16412859560068
2018-10-01,20,33.333333333333329
2018-10-01,21,35.194585448392559
2018-10-01,22,26.734348561759731
2018-10-01,23,56.345177664974621
2018-10-01,24,32.656514382402705
2018-10-01,25,33.502538071065992
2018-10-01,26,34.179357021996616
2018-10-01,27,39.086294416243653
2018-10-01,28,29.949238578680205
2018-10-01,29,34.517766497461928
2018-10-01,30,42.301184433164131
2018-10-01,31,32.656514382402705
2018-10-01,32,32.318104906937393
2018-10-01,33,36.209813874788495
2018-10-01,34,39.424703891708965
2018-10-01,35,31.472081218274113
2018-10-01,36,36.717428087986463
2018-10-01,37,34.01015228426396
2018-10-01,38,35.194585448392559
2018-10-01,39,35.194585448392559
2018-10-01,40,33.16412859560068
2018-10-01,41,31.641285956006769
2018-10-01,42,33.502538071065992
2018-10-01,43,31.302876480541453
2018-10-01,44,27.918781725888326
2018-10-01,45,13.367174280879865
2018-11-01,0,100.0
2018-11-01,1,21.732026143790851
2018-11-01,2,25.163398692810457
2018-11-01,3,27.777777777777779
2018-11-01,4,27.614379084967322
2018-11-01,5,30.882352941176471
2018-11-01,6,29.738562091503269
2018-11-01,7,32.352941176470587
2018-11-01,8,27.614379084967322
2018-11-01,9,32.516339869281047
2018-11-01,10,28.431372549019606
2018-11-01,11,35.294117647058826
2018-11-01,12,28.431372549019606
2018-11-01,13,31.209150326797385
2018-11-01,14,26.47058823529412
2018-11-01,15,40.032679738562095
2018-11-01,16,26.307189542483663
2018-11-01,17,29.575163398692812
2018-11-01,18,33.169934640522875
2018-11-01,19,29.084967320261441
2018-11-01,20,29.575163398692812
2018-11-01,21,28.431372549019606
2018-11-01,22,53.75816993464052
2018-11-01,23,24.346405228758169
2018-11-01,24,27.450980392156865
2018-11-01,25,31.372549019607842
2018-11-01,26,29.411764705882355
2018-11-01,27,30.555555555555557
2018-11-01,28,29.575163398692812
2018-11-01,29,25.490196078431371
2018-11-01,30,40.522875816993462
2018-11-01,31,27.614379084967322
2018-11-01,32,32.516339869281047
2018-11-01,33,35.294117647058826
2018-11-01,34,26.96078431372549
2018-11-01,35,29.901960784313726
2018-11-01,36,30.555555555555557
2018-11-01,37,31.045751633986928
2018-11-01,38,32.352941176470587
2018-11-01,39,26.307189542483663
2018-11-01,40,31.045751633986928
2018-11-01,41,27.614379084967322
2018-11-01,42,27.941176470588236
2018-11-01,43,23.856209150326798
2018-11-01,44,10.784313725490197
2018-12-01,0,100.0
2018-12-01,1,18.96551724137931
2018-12-01,2,19.21182266009852
2018-12-01,3,24.630541871921181
2018-12-01,4,26.847290640394089
2018-12-01,5,26.354679802955665
2018-12-01,6,25.369458128078819
2018-12-01,7,27.586206896551722
2018-12-01,8,26.847290640394089
2018-12-01,9,30.049261083743843
2018-12-01,10,22.660098522167488
2018-12-01,11,33.497536945812804
2018-12-01,12,26.600985221674879
2018-12-01,13,25.123152709359609
2018-12-01,14,27.586206896551722
2018-12-01,15,33.251231527093594
2018-12-01,16,27.093596059113302
2018-12-01,17,25.369458128078819
2018-12-01,18,28.078817733990146
2018-12-01,19,26.108374384236456
2018-12-01,20,27.339901477832512
2018-12-01,21,20.689655172413794
2018-12-01,22,49.75369458128079
2018-12-01,23,22.167487684729064
2018-12-01,24,25.862068965517242
2018-12-01,25,27.586206896551722
2018-12-01,26,28.817733990147783
2018-12-01,27,24.137931034482758
2018-12-01,28,24.876847290640395
2018-12-01,29,39.901477832512313
2018-12-01,30,21.428571428571427
2018-12-01,31,25.862068965517242
2018-12-01,32,27.586206896551722
2018-12-01,33,30.295566502463057
2018-12-01,34,25.123152709359609
2018-12-01,35,30.049261083743843
2018-12-01,36,29.802955665024633
2018-12-01,37,24.137931034482758
2018-12-01,38,26.600985221674879
2018-12-01,39,23.891625615763548
2018-12-01,40,24.137931034482758
2018-12-01,41,26.354679802955665
2018-12-01,42,18.7192118226601
2018-12-01,43,8.12807881773399
2019-01-01,0,100.0
2019-01-01,1,20.462633451957295
2019-01-01,2,29.715302491103202
2019-01-01,3,31.316725978647685
2019-01-01,4,31.672597864768683
2019-01-01,5,33.45195729537366
2019-01-01,6,33.45195729537366
2019-01-01,7,33.274021352313163
2019-01-01,8,32.028469750889684
2019-01-01,9,34.87544483985765
2019-01-01,10,33.985765124555165
2019-01-01,11,35.053380782918147
2019-01-01,12,34.341637010676159
2019-01-01,13,30.2491103202847
2019-01-01,14,44.306049822064061
2019-01-01,15,28.46975088967972
2019-01-01,16,35.231316725978644
2019-01-01,17,32.740213523131672
2019-01-01,18,33.45195729537366
2019-01-01,19,35.587188612099645
2019-01-01,20,29.537366548042705
2019-01-01,21,51.601423487544487
2019-01-01,22,26.690391459074732
2019-01-01,23,32.028469750889684
2019-01-01,24,36.120996441281136
2019-01-01,25,30.2491103202847
2019-01-01,26,33.985765124555165
2019-01-01,27,32.740213523131672
2019-01-01,28,43.238434163701065
2019-01-01,29,30.2491103202847
2019-01-01,30,33.274021352313163
2019-01-01,31,31.138790035587188
2019-01-01,32,37.544483985765126
2019-01-01,33,33.274021352313163
2019-01-01,34,34.87544483985765
2019-01-01,35,33.274021352313163
2019-01-01,36,32.562277580071175
2019-01-01,37,33.629893238434164
2019-01-01,38,32.028469750889684
2019-01-01,39,31.672597864768683
2019-01-01,40,31.316725978647685
2019-01-01,41,25.978647686832741
2019-01-01,42,11.565836298932384
2019-02-01,0,100.0
2019-02-01,1,21.406727828746178
2019-02-01,2,26.911314984709477
2019-02-01,3,31.192660550458719
2019-02-01,4,27.522935779816514
2019-02-01,5,32.11009174311927
2019-02-01,6,28.899082568807337
2019-02-01,7,33.486238532110093
2019-02-01,8,33.027522935779821
2019-02-01,9,30.886850152905197
2019-02-01,10,36.697247706422019
2019-02-01,11,29.510703363914377
2019-02-01,12,31.192660550458719
2019-02-01,13,26.911314984709477
2019-02-01,14,40.825688073394495
2019-02-01,15,30.73394495412844
2019-02-01,16,30.275229357798167
2019-02-01,17,31.49847094801223
2019-02-01,18,31.804281345565748
2019-02-01,19,29.357798165137616
2019-02-01,20,26.452599388379205
2019-02-01,21,55.657492354740057
2019-02-01,22,26.911314984709477
2019-02-01,23,31.804281345565748
2019-02-01,24,29.510703363914377
2019-02-01,25,31.039755351681958
2019-02-01,26,31.192660550458719
2019-02-01,27,30.73394495412844
2019-02-01,28,37.61467889908257
2019-02-01,29,28.134556574923547
2019-02-01,30,33.333333333333329
2019-02-01,31,38.073394495412842
2019-02-01,32,28.287461773700308
2019-02-01,33,32.262996941896027
2019-02-01,34,32.262996941896027
2019-02-01,35,31.804281345565748
2019-02-01,36,30.73394495412844
2019-02-01,37,28.74617737003058
2019-02-01,38,30.275229357798167
2019-02-01,39,27.981651376146786
2019-02-01,40,26.299694189602445
2019-02-01,41,9.7859327217125376
2019-03-01,0,100.0
2019-03-01,1,30.028735632183906
2019-03-01,2,32.183908045977013
2019-03-01,3,33.90804597701149
2019-03-01,4,36.063218390804593
2019-03-01,5,38.505747126436781
2019-03-01,6,37.068965517241381
2019-03-01,7,36.350574712643677
2019-03-01,8,36.925287356321839
2019-03-01,9,35.05747126436782
2019-03-01,10,41.666666666666671
2019-03-01,11,33.620689655172413
2019-03-01,12,38.649425287356323
2019-03-01,13,36.637931034482754
2019-03-01,14,40.517241379310342
2019-03-01,15,37.212643678160916
2019-03-01,16,36.494252873563219
2019-03-01,17,37.212643678160916
2019-03-01,18,36.063218390804593
2019-03-01,19,33.90804597701149
2019-03-01,20,54.597701149425291
2019-03-01,21,31.609195402298852
2019-03-01,22,35.05747126436782
2019-03-01,23,38.505747126436781
2019-03-01,24,36.350574712643677
2019-03-01,25,36.494252873563219
2019-03-01,26,34.195402298850574
2019-03-01,27,44.396551724137936
2019-03-01,28,34.482758620689658
2019-03-01,29,38.362068965517246
2019-03-01,30,39.94252873563218
2019-03-01,31,35.201149425287355
2019-03-01,32,36.063218390804593
2019-03-01,33,34.770114942528735
2019-03-01,34,37.356321839080458
2019-03-01,35,38.936781609195407
2019-03-01,36,34.482758620689658
2019-03-01,37,36.494252873563219
2019-03-01,38,34.051724137931032
2019-03-01,39,28.59195402298851
2019-03-01,40,14.798850574712644
2019-04-01,0,100.0
2019-04-01,1,25.874125874125873
2019-04-01,2,30.76923076923077
2019-04-01,3,34.965034965034967
2019-04-01,4,33.91608391608392
2019-04-01,5,34.965034965034967
2019-04-01,6,37.23776223776224
2019-04-01,7,34.44055944055944
2019-04-01,8,38.636363636363633
2019-04-01,9,33.04195804195804
2019-04-01,10,38.461538461538467
2019-04-01,11,35.83916083916084
2019-04-01,12,33.91608391608392
2019-04-01,13,44.755244755244753
2019-04-01,14,32.167832167832167
2019-04-01,15,34.090909090909086
2019-04-01,16,39.16083916083916
2019-04-01,17,36.188811188811187
2019-04-01,18,34.965034965034967
2019-04-01,19,28.321678321678323
2019-04-01,20,56.993006993006986
2019-04-01,21,33.04195804195804
2019-04-01,22,33.74125874125874
2019-04-01,23,35.489510489510486
2019-04-01,24,37.23776223776224
2019-04-01,25,35.83916083916084
2019-04-01,26,44.230769230769226
2019-04-01,27,31.46853146853147
2019-04-01,28,37.06293706293706
2019-04-01,29,31.643356643356647
2019-04-01,30,40.384615384615387
2019-04-01,31,34.790209790209794
2019-04-01,32,38.286713286713287
2019-04-01,33,36.538461538461533
2019-04-01,34,34.615384615384613
2019-04-01,35,34.44055944055944
2019-04-01,36,34.44055944055944
2019-04-01,37,32.517482517482513
2019-04-01,38,29.195804195804197
2019-04-01,39,14.160839160839162
2019-05-01,0,100.0
2019-05-01,1,20.833333333333336
2019-05-01,2,29.326923076923077
2019-05-01,3,28.685897435897434
2019-05-01,4,31.410256410256409
2019-05-01,5,30.128205128205128
2019-05-01,6,32.211538461538467
2019-05-01,7,32.371794871794876
2019-05-01,8,32.532051282051285
2019-05-01,9,31.410256410256409
2019-05-01,10,35.096153846153847
2019-05-01,11,31.089743589743591
2019-05-01,12,28.205128205128204
2019-05-01,13,39.583333333333329
2019-05-01,14,31.570512820512818
2019-05-01,15,32.8525641025641
2019-05-01,16,30.76923076923077
2019-05-01,17,31.410256410256409
2019-05-01,18,28.685897435897434
2019-05-01,19,54.006410256410255
2019-05-01,20,27.243589743589741
2019-05-01,21,28.044871794871796
2019-05-01,22,31.410256410256409
2019-05-01,23,33.653846153846153
2019-05-01,24,31.570512820512818
2019-05-01,25,27.403846153846157
2019-05-01,26,40.224358974358978
2019-05-01,27,30.128205128205128
2019-05-01,28,31.25
2019-05-01,29,36.538461538461533
2019-05-01,30,29.647435897435898
2019-05-01,31,34.455128205128204
2019-05-01,32,32.371794871794876
2019-05-01,33,29.166666666666668
2019-05-01,34,30.608974358974361
2019-05-01,35,30.76923076923077
2019-05-01,36,29.166666666666668
2019-05-01,37,25.801282051282055
2019-05-01,38,11.858974358974358
2019-06-01,0,100.0
2019-06-01,1,25.70694087403599
2019-06-01,2,30.077120822622106
2019-06-01,3,28.020565552699228
2019-06-01,4,32.390745501285345
2019-06-01,5,29.305912596401029
2019-06-01,6,34.704370179948583
2019-06-01,7,32.133676092544988
2019-06-01,8,32.133676092544988
2019-06-01,9,34.190231362467863
2019-06-01,10,31.876606683804624
2019-06-01,11,30.077120822622106
2019-06-01,12,39.0745501285347
2019-06-01,13,34.190231362467863
2019-06-01,14,32.647814910025708
2019-06-01,15,29.048843187660665
2019-06-01,16,33.161953727506429
2019-06-01,17,32.133676092544988
2019-06-01,18,29.048843187660665
2019-06-01,19,47.300771208226223
2019-06-01,20,28.277634961439592
2019-06-01,21,32.904884318766065
2019-06-01,22,31.362467866323907
2019-06-01,23,34.447300771208226
2019-06-01,24,24.935732647814909
2019-06-01,25,45.758354755784062
2019-06-01,26,28.534704370179949
2019-06-01,27,32.904884318766065
2019-06-01,28,34.190231362467863
2019-06-01,29,32.390745501285345
2019-06-01,30,32.647814910025708
2019-06-01,31,32.904884318766065
2019-06-01,32,30.59125964010283
2019-06-01,33,32.133676092544988
2019-06-01,34,31.105398457583551
2019-06-01,35,28.277634961439592
2019-06-01,36,25.449871465295633
2019-06-01,37,10.796915167095115
2019-07-01,0,100.0
2019-07-01,1,22.825150732127479
2019-07-01,2,27.906976744186046
2019-07-01,3,32.558139534883722
2019-07-01,4,30.835486649440135
2019-07-01,5,32.6442721791559
2019-07-01,6,33.591731266149871
2019-07-01,7,33.591731266149871
2019-07-01,8,31.782945736434108
2019-07-01,9,36.261843238587424
2019-07-01,10,30.490956072351423
2019-07-01,11,31.782945736434108
2019-07-01,12,41.60206718346253
2019-07-01,13,30.835486649440135
2019-07-01,14,31.869078380706288
2019-07-01,15,34.022394487510766
2019-07-01,16,31.955211024978468
2019-07-01,17,28.940568475452196
2019-07-01,18,55.986218776916452
2019-07-01,19,25.150732127476317
2019-07-01,20,31.524547803617569
2019-07-01,21,30.232558139534881
2019-07-01,22,34.883720930232556
2019-07-01,23,31.869078380706288
2019-07-01,24,41.688199827734714
2019-07-01,25,30.1464254952627
2019-07-01,26,32.385874246339363
2019-07-01,27,36.003445305770889
2019-07-01,28,30.232558139534881
2019-07-01,29,34.7114556416882
2019-07-01,30,34.2807924203273
2019-07-01,31,30.40482342807924
2019-07-01,32,31.352282515073217
2019-07-01,33,32.041343669250644
2019-07-01,34,30.060292850990528
2019-07-01,35,26.528854435831178
2019-07-01,36,11.886304909560723
2019-08-01,0,100.0
2019-08-01,1,26.736566186107467
2019-08-01,2,29.226736566186105
2019-08-01,3,30.406290956749672
2019-08-01,4,32.634338138925294
2019-08-01,5,34.207077326343381
2019-08-01,6,32.503276539973783
2019-08-01,7,34.469200524246396
2019-08-01,8,31.585845347313235
2019-08-01,9,37.090432503276539
2019-08-01,10,33.551769331585845
2019-08-01,11,28.571428571428569
2019-08-01,12,43.381389252948885
2019-08-01,13,31.585845347313235
2019-08-01,14,35.648754914809963
2019-08-01,15,33.158584534731325
2019-08-01,16,30.406290956749672
2019-08-01,17,33.28964613368283
2019-08-01,18,48.492791612057665
2019-08-01,19,29.357798165137616
2019-08-01,20,33.027522935779821
2019-08-01,21,36.3040629095675
2019-08-01,22,29.750982961992133
2019-08-01,23,31.061598951507207
2019-08-01,24,43.51245085190039
2019-08-01,25,32.503276539973783
2019-08-01,26,30.799475753604195
2019-08-01,27,36.041939711664483
2019-08-01,28,38.1389252948886
2019-08-01,29,30.144167758846656
2019-08-01,30,32.372214941022278
2019-08-01,31,33.28964613368283
2019-08-01,32,31.192660550458719
2019-08-01,33,31.847968545216254
2019-08-01,34,26.474442988204455
2019-08-01,35,13.106159895150721
2019-09-01,0,100.0
2019-09-01,1,24.926253687315633
2019-09-01,2,29.498525073746311
2019-09-01,3,33.038348082595867
2019-09-01,4,32.595870206489671
2019-09-01,5,32.890855457227133
2019-09-01,6,34.365781710914455
2019-09-01,7,33.480825958702063
2019-09-01,8,34.21828908554572
2019-09-01,9,35.398230088495573
2019-09-01,10,33.1858407079646
2019-09-01,11,38.053097345132741
2019-09-01,12,35.9882005899705
2019-09-01,13,32.743362831858406
2019-09-01,14,33.6283185840708
2019-09-01,15,35.398230088495573
2019-09-01,16,29.941002949852507
2019-09-01,17,53.2448377581121
2019-09-01,18,29.941002949852507
2019-09-01,19,32.30088495575221
2019-09-01,20,34.365781710914455
2019-09-01,21,32.153392330383483
2019-09-01,22,33.923303834808259
2019-09-01,23,43.952802359882007
2019-09-01,24,29.056047197640115
2019-09-01,25,33.775811209439524
2019-09-01,26,37.315634218289084
2019-09-01,27,32.890855457227133
2019-09-01,28,33.923303834808259
2019-09-01,29,33.038348082595867
2019-09-01,30,33.480825958702063
2019-09-01,31,34.365781710914455
2019-09-01,32,31.12094395280236
2019-09-01,33,27.728613569321535
2019-09-01,34,12.831858407079647
2019-10-01,0,100.0
2019-10-01,1,24.200913242009133
2019-10-01,2,30.74581430745814
2019-10-01,3,32.115677321156774
2019-10-01,4,34.094368340943682
2019-10-01,5,33.028919330289192
2019-10-01,6,33.333333333333329
2019-10-01,7,36.5296803652968
2019-10-01,8,35.61643835616438
2019-10-01,9,35.920852359208524
2019-10-01,10,31.81126331811263
2019-10-01,11,42.6179604261796
2019-10-01,12,30.593607305936072
2019-10-01,13,36.377473363774733
2019-10-01,14,31.963470319634702
2019-10-01,15,35.0076103500761
2019-10-01,16,26.331811263318112
2019-10-01,17,55.8599695585997
2019-10-01,18,31.05022831050228
2019-10-01,19,34.246575342465754
2019-10-01,20,36.5296803652968
2019-10-01,21,31.506849315068493
2019-10-01,22,43.226788432267881
2019-10-01,23,31.354642313546421
2019-10-01,24,32.115677321156774
2019-10-01,25,38.051750380517504
2019-10-01,26,32.420091324200911
2019-10-01,27,37.442922374429223
2019-10-01,28,32.87671232876712
2019-10-01,29,32.420091324200911
2019-10-01,30,33.333333333333329
2019-10-01,31,31.963470319634702
2019-10-01,32,28.462709284627092
2019-10-01,33,12.633181126331811
2019-11-01,0,100.0
2019-11-01,1,27.769985974754558
2019-11-01,2,34.221598877980362
2019-11-01,3,34.922861150070126
2019-11-01,4,36.044880785413746
2019-11-01,5,38.429172510518931
2019-11-01,6,34.922861150070126
2019-11-01,7,37.447405329593266
2019-11-01,8,39.130434782608695
2019-11-01,9,36.886395511921464
2019-11-01,10,32.819074333800842
2019-11-01,11,45.862552594670412
2019-11-01,12,35.203366058906035
2019-11-01,13,38.70967741935484
2019-11-01,14,35.62412342215989
2019-11-01,15,32.678821879382895
2019-11-01,16,56.661991584852736
2019-11-01,17,31.697054698457222
2019-11-01,18,35.62412342215989
2019-11-01,19,35.764375876577844
2019-11-01,20,38.990182328190741
2019-11-01,21,31.556802244039272
2019-11-01,22,45.72230014025245
2019-11-01,23,38.14866760168303
2019-11-01,24,38.70967741935484
2019-11-01,25,34.642356241234225
2019-11-01,26,38.008415147265076
2019-11-01,27,35.06311360448808
2019-11-01,28,38.288920056100984
2019-11-01,29,33.660589060308553
2019-11-01,30,37.58765778401122
2019-11-01,31,30.014025245441793
2019-11-01,32,14.446002805049089
2019-12-01,0,100.0
2019-12-01,1,22.413793103448278
2019-12-01,2,26.108374384236456
2019-12-01,3,28.571428571428569
2019-12-01,4,32.019704433497537
2019-12-01,5,30.78817733990148
2019-12-01,6,30.049261083743843
2019-12-01,7,30.295566502463057
2019-12-01,8,35.714285714285715
2019-12-01,9,28.571428571428569
2019-12-01,10,33.990147783251231
2019-12-01,11,33.251231527093594
2019-12-01,12,32.266009852216747
2019-12-01,13,31.527093596059114
2019-12-01,14,28.817733990147783
2019-12-01,15,24.137931034482758
2019-12-01,16,51.970443349753694
2019-12-01,17,27.339901477832512
2019-12-01,18,30.295566502463057
2019-12-01,19,32.512315270935957
2019-12-01,20,28.817733990147783
2019-12-01,21,39.6551724137931
2019-12-01,22,29.802955665024633
2019-12-01,23,27.093596059113302
2019-12-01,24,34.236453201970448
2019-12-01,25,33.497536945812804
2019-12-01,26,29.802955665024633
2019-12-01,27,29.55665024630542
2019-12-01,28,31.03448275862069
2019-12-01,29,28.078817733990146
2019-12-01,30,24.630541871921181
2019-12-01,31,10.098522167487685
2020-01-01,0,100.0
2020-01-01,1,23.462783171521036
2020-01-01,2,29.773462783171524
2020-01-01,3,29.773462783171524
2020-01-01,4,35.436893203883493
2020-01-01,5,33.333333333333329
2020-01-01,6,35.59870550161812
2020-01-01,7,33.818770226537218
2020-01-01,8,35.436893203883493
2020-01-01,9,32.038834951456316
2020-01-01,10,42.071197411003233
2020-01-01,11,31.877022653721681
2020-01-01,12,35.59870550161812
2020-01-01,13,30.582524271844658
2020-01-01,14,30.906148867313917
2020-01-01,15,50.323624595469255
2020-01-01,16,30.906148867313917
2020-01-01,17,31.067961165048541
2020-01-01,18,37.540453074433657
2020-01-01,19,32.686084142394819
2020-01-01,20,41.262135922330096
2020-01-01,21,30.258899676375407
2020-01-01,22,31.715210355987054
2020-01-01,23,36.73139158576052
2020-01-01,24,38.673139158576056
2020-01-01,25,28.478964401294498
2020-01-01,26,34.3042071197411
2020-01-01,27,34.3042071197411
2020-01-01,28,29.61165048543689
2020-01-01,29,27.508090614886733
2020-01-01,30,12.459546925566343
2020-02-01,0,100.0
2020-02-01,1,29.6398891966759
2020-02-01,2,33.37950138504155
2020-02-01,3,36.70360110803324
2020-02-01,4,35.041551246537395
2020-02-01,5,39.196675900277008
2020-02-01,6,38.642659279778393
2020-02-01,7,40.858725761772853
2020-02-01,8,37.534626038781163
2020-02-01,9,34.072022160664822
2020-02-01,10,45.290858725761773
2020-02-01,11,36.288088642659275
2020-02-01,12,37.257617728531855
2020-02-01,13,37.257617728531855
2020-02-01,14,28.80886426592798
2020-02-01,15,59.972299168975077
2020-02-01,16,35.59556786703601
2020-02-01,17,35.041551246537395
2020-02-01,18,41.274238227146817
2020-02-01,19,30.886426592797783
2020-02-01,20,48.89196675900277
2020-02-01,21,33.933518005540165
2020-02-01,22,43.905817174515235
2020-02-01,23,35.59556786703601
2020-02-01,24,34.48753462603878
2020-02-01,25,41.13573407202216
2020-02-01,26,36.70360110803324
2020-02-01,27,34.072022160664822
2020-02-01,28,31.440443213296398
2020-02-01,29,14.681440443213297
2020-03-01,0,100.0
2020-03-01,1,29.562594268476623
2020-03-01,2,35.143288084464551
2020-03-01,3,37.104072398190048
2020-03-01,4,40.573152337858218
2020-03-01,5,39.819004524886878
2020-03-01,6,36.651583710407238
2020-03-01,7,40.723981900452486
2020-03-01,8,39.366515837104075
2020-03-01,9,40.42232277526395
2020-03-01,10,41.6289592760181
2020-03-01,11,38.763197586727
2020-03-01,12,37.254901960784316
2020-03-01,13,36.50075414781297
2020-03-01,14,56.259426847662141
2020-03-01,15,33.936651583710407
2020-03-01,16,38.461538461538467
2020-03-01,17,39.064856711915539
2020-03-01,18,36.95324283559578
2020-03-01,19,46.304675716440421
2020-03-01,20,36.048265460030166
2020-03-01,21,45.098039215686278
2020-03-01,22,34.992458521870283
2020-03-01,23,38.3107088989442
2020-03-01,24,38.461538461538467
2020-03-01,25,40.573152337858218
2020-03-01,26,35.294117647058826
2020-03-01,27,33.031674208144793
2020-03-01,28,18.401206636500756
2020-04-01,0,100.0
2020-04-01,1,29.558823529411764
2020-04-01,2,37.941176470588232
2020-04-01,3,38.970588235294116
2020-04-01,4,39.852941176470594
2020-04-01,5,41.17647058823529
2020-04-01,6,39.558823529411761
2020-04-01,7,42.794117647058819
2020-04-01,8,39.705882352941174
2020-04-01,9,45.882352941176471
2020-04-01,10,36.911764705882355
2020-04-01,11,40.588235294117645
2020-04-01,12,40.735294117647058
2020-04-01,13,32.794117647058826
2020-04-01,14,59.117647058823529
2020-04-01,15,39.852941176470594
2020-04-01,16,38.82352941176471
2020-04-01,17,41.617647058823529
2020-04-01,18,46.32352941176471
2020-04-01,19,35.735294117647058
2020-04-01,20,39.117647058823529
2020-04-01,21,43.970588235294116
2020-04-01,22,40.588235294117645
2020-04-01,23,39.117647058823529
2020-04-01,24,39.852941176470594
2020-04-01,25,39.852941176470594
2020-04-01,26,33.970588235294116
2020-04-01,27,17.794117647058822
2020-05-01,0,100.0
2020-05-01,1,24.299065420560748
2020-05-01,2,25.467289719626169
2020-05-01,3,30.373831775700932
2020-05-01,4,29.672897196261683
2020-05-01,5,28.738317757009348
2020-05-01,6,33.644859813084111
2020-05-01,7,33.177570093457945
2020-05-01,8,26.168224299065418
2020-05-01,9,37.149532710280376
2020-05-01,10,31.775700934579437
2020-05-01,11,26.869158878504674
2020-05-01,12,29.439252336448597
2020-05-01,13,49.532710280373834
2020-05-01,14,26.635514018691588
2020-05-01,15,30.8411214953271
2020-05-01,16,30.140186915887853
2020-05-01,17,25.934579439252335
2020-05-01,18,40.654205607476634
2020-05-01,19,26.168224299065418
2020-05-01,20,35.514018691588781
2020-05-01,21,30.373831775700932
2020-05-01,22,30.8411214953271
2020-05-01,23,26.869158878504674
2020-05-01,24,30.140186915887853
2020-05-01,25,23.364485981308412
2020-05-01,26,10.514018691588785
2020-06-01,0,100.0
2020-06-01,1,30.298273155416013
2020-06-01,2,35.478806907378335
2020-06-01,3,40.1883830455259
2020-06-01,4,38.30455259026688
2020-06-01,5,41.758241758241759
2020-06-01,6,39.874411302982729
2020-06-01,7,40.1883830455259
2020-06-01,8,38.461538461538467
2020-06-01,9,45.054945054945058
2020-06-01,10,41.130298273155411
2020-06-01,11,39.0894819466248
2020-06-01,12,32.967032967032964
2020-06-01,13,55.886970172684457
2020-06-01,14,39.874411302982729
2020-06-01,15,39.874411302982729
2020-06-01,16,36.734693877551024
2020-06-01,17,50.235478806907373
2020-06-01,18,37.990580847723706
2020-06-01,19,40.1883830455259
2020-06-01,20,39.403453689167975
2020-06-01,21,40.973312401883831
2020-06-01,22,37.519623233908952
2020-06-01,23,39.560439560439562
2020-06-01,24,32.49607535321821
2020-06-01,25,18.838304552590269
2020-07-01,0,100.0
2020-07-01,1,28.12041116005874
2020-07-01,2,35.168869309838477
2020-07-01,3,38.1057268722467
2020-07-01,4,37.518355359765046
2020-07-01,5,40.161527165932455
2020-07-01,6,43.4654919236417
2020-07-01,7,33.480176211453745
2020-07-01,8,45.301027900146842
2020-07-01,9,34.434654919236415
2020-07-01,10,40.89574155653451
2020-07-01,11,36.417033773861966
2020-07-01,12,56.6079295154185
2020-07-01,13,34.140969162995596
2020-07-01,14,36.270190895741557
2020-07-01,15,41.336270190895739
2020-07-01,16,45.374449339207047
2020-07-01,17,33.627019089574155
2020-07-01,18,44.566813509544787
2020-07-01,19,32.525697503671068
2020-07-01,20,40.822320117474305
2020-07-01,21,38.1057268722467
2020-07-01,22,37.298091042584439
2020-07-01,23,33.406754772393541
2020-07-01,24,16.079295154185022
2020-08-01,0,100.0
2020-08-01,1,32.490272373540854
2020-08-01,2,39.78599221789883
2020-08-01,3,40.75875486381323
2020-08-01,4,44.747081712062261
2020-08-01,5,40.564202334630352
2020-08-01,6,43.968871595330739
2020-08-01,7,38.618677042801558
2020-08-01,8,50.291828793774314
2020-08-01,9,41.92607003891051
2020-08-01,10,43.482490272373539
2020-08-01,11,36.478599221789878
2020-08-01,12,57.490272373540854
2020-08-01,13,40.466926070038909
2020-08-01,14,44.163424124513618
2020-08-01,15,38.132295719844358
2020-08-01,16,50.680933852140072
2020-08-01,17,41.634241245136188
2020-08-01,18,42.607003891050582
2020-08-01,19,42.4124513618677
2020-08-01,20,42.023346303501945
2020-08-01,21,42.120622568093388
2020-08-01,22,37.062256809338521
2020-08-01,23,20.136186770428015
2020-09-01,0,100.0
2020-09-01,1,28.350515463917525
2020-09-01,2,35.953608247422679
2020-09-01,3,38.659793814432994
2020-09-01,4,39.175257731958766
2020-09-01,5,38.402061855670105
2020-09-01,6,40.077319587628871
2020-09-01,7,39.819587628865975
2020-09-01,8,43.814432989690722
2020-09-01,9,39.046391752577321
2020-09-01,10,37.628865979381445
2020-09-01,11,54.510309278350512
2020-09-01,12,33.762886597938149
2020-09-01,13,38.273195876288653
2020-09-01,14,39.046391752577321
2020-09-01,15,45.74742268041237
2020-09-01,16,36.984536082474229
2020-09-01,17,39.690721649484537
2020-09-01,18,39.819587628865975
2020-09-01,19,38.917525773195877
2020-09-01,20,38.015463917525771
2020-09-01,21,32.603092783505154
2020-09-01,22,18.298969072164947
2020-10-01,0,100.0
2020-10-01,1,37.104622871046224
2020-10-01,2,41.605839416058394
2020-10-01,3,41.970802919708028
2020-10-01,4,42.092457420924575
2020-10-01,5,45.863746958637471
2020-10-01,6,42.457420924574208
2020-10-01,7,50.364963503649641
2020-10-01,8,40.389294403892947
2020-10-01,9,45.620437956204377
2020-10-01,10,36.253041362530411
2020-10-01,11,63.625304136253035
2020-10-01,12,40.997566909975667
2020-10-01,13,45.012165450121657
2020-10-01,14,49.270072992700733
2020-10-01,15,40.997566909975667
2020-10-01,16,44.282238442822383
2020-10-01,17,44.160583941605843
2020-10-01,18,43.187347931873482
2020-10-01,19,42.822384428223842
2020-10-01,20,38.321167883211679
2020-10-01,21,20.194647201946474
2020-11-01,0,100.0
2020-11-01,1,32.324455205811134
2020-11-01,2,37.651331719128329
2020-11-01,3,40.92009685230024
2020-11-01,4,40.799031476997577
2020-11-01,5,45.036319612590795
2020-11-01,6,37.651331719128329
2020-11-01,7,46.852300242130752
2020-11-01,8,41.525423728813557
2020-11-01,9,41.28329297820823
2020-11-01,10,57.384987893462466
2020-11-01,11,36.198547215496369
2020-11-01,12,41.525423728813557
2020-11-01,13,39.46731234866828
2020-11-01,14,46.973365617433416
2020-11-01,15,44.915254237288138
2020-11-01,16,39.709443099273606
2020-11-01,17,41.041162227602904
2020-11-01,18,39.83050847457627
2020-11-01,19,37.772397094430993
2020-11-01,20,18.038740920096853
2020-12-01,0,100.0
2020-12-01,1,21.601941747572813
2020-12-01,2,26.21359223300971
2020-12-01,3,31.067961165048541
2020-12-01,4,32.5242718446602
2020-12-01,5,33.737864077669904
2020-12-01,6,32.5242718446602
2020-12-01,7,34.466019417475728
2020-12-01,8,31.067961165048541
2020-12-01,9,24.757281553398059
2020-12-01,10,52.9126213592233
2020-12-01,11,27.669902912621357
2020-12-01,12,31.310679611650489
2020-12-01,13,40.776699029126213
2020-12-01,14,25.485436893203882
2020-12-01,15,33.009708737864081
2020-12-01,16,35.194174757281552
2020-12-01,17,28.883495145631066
2020-12-01,18,26.941747572815533
2020-12-01,19,9.4660194174757279
2021-01-01,0,100.0
2021-01-01,1,39.397450753186561
2021-01-01,2,45.191193511008109
2021-01-01,3,46.349942062572424
2021-01-01,4,48.435689455388179
2021-01-01,5,47.856315179606021
2021-01-01,6,53.070683661645425
2021-01-01,7,46.581691772885286
2021-01-01,8,46.118192352259555
2021-01-01,9,62.6882966396292
2021-01-01,10,43.800695249130939
2021-01-01,11,48.319814600231744
2021-01-01,12,53.765932792584017
2021-01-01,13,42.98957126303592
2021-01-01,14,47.972190034762455
2021-01-01,15,47.856315179606021
2021-01-01,16,47.3928157589803
2021-01-01,17,43.221320973348782
2021-01-01,18,23.986095017381228
2021-02-01,0,100.0
2021-02-01,1,36.699857752489329
2021-02-01,2,42.389758179231862
2021-02-01,3,43.527738264580371
2021-02-01,4,46.514935988620195
2021-02-01,5,42.389758179231862
2021-02-01,6,49.075391180654336
2021-02-01,7,45.661450924608822
2021-02-01,8,37.411095305832148
2021-02-01,9,61.024182076813659
2021-02-01,10,43.812233285917493
2021-02-01,11,41.963015647226179
2021-02-01,12,49.359886201991465
2021-02-01,13,44.950213371266
2021-02-01,14,44.665718349928881
2021-02-01,15,43.812233285917493
2021-02-01,16,38.691322901849219
2021-02-01,17,23.186344238975817
2021-03-01,0,100.0
2021-03-01,1,31.773399014778324
2021-03-01,2,39.901477832512313
2021-03-01,3,41.009852216748769
2021-03-01,4,47.044334975369459
2021-03-01,5,42.241379310344826
2021-03-01,6,41.748768472906406
2021-03-01,7,40.763546798029552
2021-03-01,8,58.990147783251231
2021-03-01,9,36.699507389162562
2021-03-01,10,41.379310344827587
2021-03-01,11,44.45812807881773
2021-03-01,12,46.059113300492612
2021-03-01,13,39.6551724137931
2021-03-01,14,41.748768472906406
2021-03-01,15,35.960591133004925
2021-03-01,16,22.906403940886698
2021-04-01,0,100.0
2021-04-01,1,32.782369146005507
2021-04-01,2,40.22038567493113
2021-04-01,3,43.663911845730027
2021-04-01,4,42.561983471074385
2021-04-01,5,48.89807162534435
2021-04-01,6,40.358126721763085
2021-04-01,7,37.327823691460054
2021-04-01,8,56.473829201101935
2021-04-01,9,43.801652892561982
2021-04-01,10,47.382920110192842
2021-04-01,11,37.1900826446281
2021-04-01,12,46.280991735537192
2021-04-01,13,41.32231404958678
2021-04-01,14,37.603305785123972
2021-04-01,15,22.865013774104685
2021-05-01,0,100.0
2021-05-01,1,25.72062084257206
2021-05-01,2,34.589800443458977
2021-05-01,3,34.811529933481154
2021-05-01,4,34.368070953436806
2021-05-01,5,37.915742793791573
2021-05-01,6,34.146341463414636
2021-05-01,7,50.110864745011085
2021-05-01,8,32.372505543237253
2021-05-01,9,30.155210643015522
2021-05-01,10,38.35920177383592
2021-05-01,11,35.698447893569849
2021-05-01,12,35.920177383592019
2021-05-01,13,31.042128603104214
2021-05-01,14,14.634146341463413
2021-06-01,0,100.0
2021-06-01,1,36.715620827770366
2021-06-01,2,42.056074766355138
2021-06-01,3,46.995994659546056
2021-06-01,4,46.728971962616825
2021-06-01,5,46.328437917222963
2021-06-01,6,40.987983978638184
2021-06-01,7,60.614152202937255
2021-06-01,8,45.260347129506009
2021-06-01,9,47.2630173564753
2021-06-01,10,45.393858477970625
2021-06-01,11,46.862483311081441
2021-06-01,12,42.189586114819761
2021-06-01,13,24.566088117489986
2021-07-01,0,100.0
2021-07-01,1,41.231929604022625
2021-07-01,2,46.700188560653679
2021-07-01,3,51.03708359522313
2021-07-01,4,51.602765556253928
2021-07-01,5,48.208673790069142
2021-07-01,6,62.602137020741679
2021-07-01,7,41.860465116279073
2021-07-01,8,53.865493400377119
2021-07-01,9,49.528598365807667
2021-07-01,10,47.203016970458833
2021-07-01,11,45.44311753614079
2021-07-01,12,28.724072910119418
2021-08-01,0,100.0
2021-08-01,1,40.888066604995373
2021-08-01,2,48.2886216466235
2021-08-01,3,49.213691026827014
2021-08-01,4,55.041628122109152
2021-08-01,5,45.143385753931547
2021-08-01,6,59.944495837187795
2021-08-01,7,45.420906567992596
2021-08-01,8,54.5790934320074
2021-08-01,9,50.231267345050881
2021-08-01,10,47.548566142460686
2021-08-01,11,29.232192414431079
2021-09-01,0,100.0
2021-09-01,1,41.239316239316238
2021-09-01,2,48.29059829059829
2021-09-01,3,48.183760683760681
2021-09-01,4,51.709401709401718
2021-09-01,5,57.799145299145295
2021-09-01,6,46.901709401709404
2021-09-01,7,50.213675213675216
2021-09-01,8,49.679487179487182
2021-09-01,9,46.901709401709404
2021-09-01,10,27.884615384615387
2021-10-01,0,100.0
2021-10-01,1,49.272550921435496
2021-10-01,2,53.249272550921432
2021-10-01,3,57.807953443258974
2021-10-01,4,46.750727449078568
2021-10-01,5,68.283220174587782
2021-10-01,6,56.450048496605241
2021-10-01,7,52.764306498545096
2021-10-01,8,52.4733268671193
2021-10-01,9,32.783705140640159
2021-11-01,0,100.0
2021-11-01,1,43.326039387308533
2021-11-01,2,50.0
2021-11-01,3,52.844638949671776
2021-11-01,4,60.284463894967175
2021-11-01,5,47.4835886214442
2021-11-01,6,56.564551422319475
2021-11-01,7,48.030634573304162
2021-11-01,8,32.822757111597376
2021-12-01,0,100.0
2021-12-01,1,29.107981220657276
2021-12-01,2,39.201877934272304
2021-12-01,3,35.44600938967136
2021-12-01,4,51.173708920187785
2021-12-01,5,38.497652582159624
2021-12-01,6,39.906103286384976
2021-12-01,7,17.370892018779344
2022-01-01,0,100.0
2022-01-01,1,43.913857677902627
2022-01-01,2,54.5880149812734
2022-01-01,3,60.955056179775283
2022-01-01,4,54.307116104868911
2022-01-01,5,52.996254681647933
2022-01-01,6,33.707865168539328
2022-02-01,0,100.0
2022-02-01,1,52.517162471395885
2022-02-01,2,56.979405034324948
2022-02-01,3,65.789473684210535
2022-02-01,4,61.212814645308924
2022-02-01,5,40.732265446224261
2022-03-01,0,100.0
2022-03-01,1,56.670602125147582
2022-03-01,2,68.949232585596221
2022-03-01,3,59.858323494687127
2022-03-01,4,46.517119244391971
2022-04-01,0,100.0
2022-04-01,1,60.655737704918032
2022-04-01,2,73.770491803278688
2022-04-01,3,49.88290398126464
2022-05-01,0,100.0
2022-05-01,1,53.644314868804663
2022-05-01,2,35.568513119533527
2022-06-01,0,100.0
2022-06-01,1,75.7496740547588
2022-07-01,0,100.0